{
  "gpu": "0",
  "n_runs": 7,
  "seed": 0,
  "jsd": [
    {
      "kernel": "jsd",
      "shape": [
        8192,
        30522
      ],
      "extent_np2": 32768,
      "emitted_R": 2048,
      "num_reduction_ops": 2,
      "num_tiled_accumulators": 2,
      "num_warps": 32,
      "speedup_old_over_new": 1.1907130572523528,
      "arms": {
        "new_2048": {
          "r_block": 2048,
          "us": 675.3600239753723,
          "spread": 0.003861601719440728,
          "correct": true,
          "maxerr": 0.0,
          "codegen": "looped",
          "samples_ms": [
            0.6748480200767517,
            0.6749599874019623,
            0.6752640008926392,
            0.6753600239753723,
            0.6771999895572662,
            0.6772480010986328,
            0.6774559915065765
          ]
        },
        "old_4096": {
          "r_block": 4096,
          "us": 804.1599988937378,
          "spread": 0.023696730238728404,
          "correct": true,
          "maxerr": 0.0,
          "codegen": "looped",
          "samples_ms": [
            0.8032640218734741,
            0.8039360046386719,
            0.8041279911994934,
            0.8041599988937378,
            0.8045759797096252,
            0.8079360127449036,
            0.8223199844360352
          ]
        }
      }
    },
    {
      "kernel": "jsd",
      "shape": [
        8192,
        32000
      ],
      "extent_np2": 32768,
      "emitted_R": 2048,
      "num_reduction_ops": 2,
      "num_tiled_accumulators": 2,
      "num_warps": 32,
      "speedup_old_over_new": 1.106338137318987,
      "arms": {
        "new_2048": {
          "r_block": 2048,
          "us": 698.7519860267639,
          "spread": 0.013990652482834551,
          "correct": true,
          "maxerr": 0.0,
          "codegen": "looped",
          "samples_ms": [
            0.698063999414444,
            0.6983039975166321,
            0.6983360052108765,
            0.6987519860267639,
            0.6999359726905823,
            0.7006080150604248,
            0.7078399956226349
          ]
        },
        "old_4096": {
          "r_block": 4096,
          "us": 773.0559706687927,
          "spread": 0.0249606641681818,
          "correct": true,
          "maxerr": 0.0,
          "codegen": "looped",
          "samples_ms": [
            0.7727360129356384,
            0.7727680206298828,
            0.7729760110378265,
            0.7730559706687927,
            0.7744480073451996,
            0.7746880054473877,
            0.79203200340271
          ]
        }
      }
    },
    {
      "kernel": "jsd",
      "shape": [
        8192,
        50257
      ],
      "extent_np2": 65536,
      "emitted_R": 2048,
      "num_reduction_ops": 2,
      "num_tiled_accumulators": 2,
      "num_warps": 32,
      "speedup_old_over_new": 1.1347095037348505,
      "arms": {
        "new_2048": {
          "r_block": 2048,
          "us": 1140.944004058838,
          "spread": 0.24197507619947567,
          "correct": true,
          "maxerr": 0.0,
          "codegen": "looped",
          "samples_ms": [
            1.1343200206756592,
            1.1391040086746216,
            1.1399359703063965,
            1.140944004058838,
            1.1411199569702148,
            1.1430240273475647,
            1.4104000329971313
          ]
        },
        "old_4096": {
          "r_block": 4096,
          "us": 1294.6400046348572,
          "spread": 0.08560838159237456,
          "correct": true,
          "maxerr": 0.0,
          "codegen": "looped",
          "samples_ms": [
            1.2920479774475098,
            1.292639970779419,
            1.2938079833984375,
            1.2946400046348572,
            1.2960959672927856,
            1.2988159656524658,
            1.4028800129890442
          ]
        }
      }
    },
    {
      "kernel": "jsd",
      "shape": [
        8192,
        65536
      ],
      "extent_np2": 65536,
      "emitted_R": 2048,
      "num_reduction_ops": 2,
      "num_tiled_accumulators": 2,
      "num_warps": 32,
      "speedup_old_over_new": 1.0700264216070843,
      "arms": {
        "new_2048": {
          "r_block": 2048,
          "us": 1369.3119883537292,
          "spread": 0.14112778940265422,
          "correct": true,
          "maxerr": 0.0,
          "codegen": "looped",
          "samples_ms": [
            1.3691200017929077,
            1.369152009487152,
            1.369264006614685,
            1.3693119883537292,
            1.3693919777870178,
            1.3695039749145508,
            1.5623679757118225
          ]
        },
        "old_4096": {
          "r_block": 4096,
          "us": 1465.2000069618225,
          "spread": 0.06883978452994241,
          "correct": true,
          "maxerr": 0.0,
          "codegen": "looped",
          "samples_ms": [
            1.4628159999847412,
            1.4636480212211609,
            1.4641119837760925,
            1.4652000069618225,
            1.4659519791603088,
            1.4680639505386353,
            1.5636800527572632
          ]
        }
      }
    },
    {
      "kernel": "jsd",
      "shape": [
        4096,
        98304
      ],
      "extent_np2": 131072,
      "emitted_R": 2048,
      "num_reduction_ops": 2,
      "num_tiled_accumulators": 2,
      "num_warps": 32,
      "speedup_old_over_new": 1.0409231805463661,
      "arms": {
        "new_2048": {
          "r_block": 2048,
          "us": 1050.9439706802368,
          "spread": 0.0025881478323907434,
          "correct": true,
          "maxerr": 1.4901161193847656e-08,
          "codegen": "looped",
          "samples_ms": [
            1.0502400398254395,
            1.0503199696540833,
            1.0506719946861267,
            1.0509439706802368,
            1.0510080456733704,
            1.0515999794006348,
            1.0529600381851196
          ]
        },
        "old_4096": {
          "r_block": 4096,
          "us": 1093.951940536499,
          "spread": 0.04323411793346086,
          "correct": true,
          "maxerr": 1.4901161193847656e-08,
          "codegen": "looped",
          "samples_ms": [
            1.0924479961395264,
            1.093440055847168,
            1.0938720107078552,
            1.093951940536499,
            1.0967040061950684,
            1.100383996963501,
            1.1397440433502197
          ]
        }
      }
    },
    {
      "kernel": "jsd",
      "shape": [
        8192,
        128256
      ],
      "extent_np2": 131072,
      "emitted_R": 2048,
      "num_reduction_ops": 2,
      "num_tiled_accumulators": 2,
      "num_warps": 32,
      "speedup_old_over_new": 1.0372298144292749,
      "arms": {
        "new_2048": {
          "r_block": 2048,
          "us": 2674.415946006775,
          "spread": 0.2000347498534297,
          "correct": true,
          "maxerr": 0.0,
          "codegen": "looped",
          "samples_ms": [
            2.672063946723938,
            2.672287940979004,
            2.672320008277893,
            2.674415946006775,
            2.6764960289001465,
            2.681663990020752,
            3.2070400714874268
          ]
        },
        "old_4096": {
          "r_block": 4096,
          "us": 2773.983955383301,
          "spread": 0.07155624115379446,
          "correct": true,
          "maxerr": 1.4901161193847656e-08,
          "codegen": "looped",
          "samples_ms": [
            2.765376091003418,
            2.766144037246704,
            2.7726399898529053,
            2.773983955383301,
            2.776031970977783,
            2.867487907409668,
            2.963871955871582
          ]
        }
      }
    },
    {
      "kernel": "jsd",
      "shape": [
        4096,
        128256
      ],
      "extent_np2": 131072,
      "emitted_R": 2048,
      "num_reduction_ops": 2,
      "num_tiled_accumulators": 2,
      "num_warps": 32,
      "speedup_old_over_new": 1.0380696539942886,