cell_key,kernel_id,case_id,shape_and_dtype_json,baseline_origin,baseline_heuristic_name,post_heuristic_name,raw_default_normalized,post_heuristic_normalized,pretuned_reference_normalized,pretuned_reference_vs_post_heuristic,raw_default_latency_us,post_heuristic_latency_us,pretuned_reference_latency_us
on::helion.linear_attention_engine.chunk_bwd_dh_diag_fused::chunk_bwd_dh_diag_fused#1:B8_T1024_H8_D64,helion.linear_attention_engine.chunk_bwd_dh_diag_fused,chunk_bwd_dh_diag_fused#1:B8_T1024_H8_D64,"[{""arg"":0,""dtype"":""torch.bfloat16"",""shape"":[64,16,64,64],""stride"":[65536,4096,64,1]},{""arg"":1,""dtype"":""torch.bfloat16"",""shape"":[64,16,64,64],""stride"":[65536,4096,64,1]},{""arg"":2,""literal"":null},{""arg"":3,""dtype"":""torch.float32"",""shape"":[64,64,64],""stride"":[4096,64,1]},{""arg"":4,""literal"":null},{""arg"":5,""literal"":false},{""arg"":6,""literal"":false},{""arg"":7,""literal"":false},{""arg"":8,""literal"":0.125}]",default_config,,triton_b200_formula_matmul,1.0,1.500982382976008,1.5039369230652886,1.0019684042416424,24.447999894618988,16.287999227643013,16.256000846624374
on::helion.linear_attention_engine.chunk_bwd_dh_diag_fused::chunk_bwd_dh_diag_fused#8:B4_T2048_H16_D128,helion.linear_attention_engine.chunk_bwd_dh_diag_fused,chunk_bwd_dh_diag_fused#8:B4_T2048_H16_D128,"[{""arg"":0,""dtype"":""torch.bfloat16"",""shape"":[64,32,64,128],""stride"":[262144,8192,128,1]},{""arg"":1,""dtype"":""torch.bfloat16"",""shape"":[64,32,64,128],""stride"":[262144,8192,128,1]},{""arg"":2,""dtype"":""torch.float32"",""shape"":[64,32,128],""stride"":[4096,128,1]},{""arg"":3,""dtype"":""torch.float32"",""shape"":[64,128,128],""stride"":[16384,128,1]},{""arg"":4,""dtype"":""torch.float32"",""shape"":[64,32,64,128],""stride"":[262144,8192,128,1]},{""arg"":5,""literal"":true},{""arg"":6,""literal"":false},{""arg"":7,""literal"":true},{""arg"":8,""literal"":0.08838834764831843}]",default_config,,triton_b200_formula_matmul,1.0,1.4573088316814535,1.8212289906928227,1.2497206845246902,104.3199971318245,71.58400118350983,57.28000029921532
on::helion.linear_attention_engine.chunk_bwd_dh_diag_fused::chunk_bwd_dh_diag_fused#12:B2_T16384_H16_D128,helion.linear_attention_engine.chunk_bwd_dh_diag_fused,chunk_bwd_dh_diag_fused#12:B2_T16384_H16_D128,"[{""arg"":0,""dtype"":""torch.bfloat16"",""shape"":[32,256,64,128],""stride"":[2097152,8192,128,1]},{""arg"":1,""dtype"":""torch.bfloat16"",""shape"":[32,256,64,128],""stride"":[2097152,8192,128,1]},{""arg"":2,""dtype"":""torch.float32"",""shape"":[32,256],""stride"":[256,1]},{""arg"":3,""dtype"":""torch.float32"",""shape"":[32,128,128],""stride"":[16384,128,1]},{""arg"":4,""dtype"":""torch.float32"",""shape"":[32,256,64],""stride"":[16384,64,1]},{""arg"":5,""literal"":true},{""arg"":6,""literal"":true},{""arg"":7,""literal"":false},{""arg"":8,""literal"":0.08838834764831843}]",default_config,,triton_b200_formula_matmul,1.0,2.0841297427022463,2.153673522727344,1.0333682585110697,460.57599782943726,220.99199891090393,213.85599672794342
on::helion.linear_attention_engine.chunk_bwd_dh_diag_fused::chunk_bwd_dh_diag_fused#4:B8_T2048_H32_D256,helion.linear_attention_engine.chunk_bwd_dh_diag_fused,chunk_bwd_dh_diag_fused#4:B8_T2048_H32_D256,"[{""arg"":0,""dtype"":""torch.bfloat16"",""shape"":[256,32,64,256],""stride"":[524288,16384,256,1]},{""arg"":1,""dtype"":""torch.bfloat16"",""shape"":[256,32,64,256],""stride"":[524288,16384,256,1]},{""arg"":2,""literal"":null},{""arg"":3,""dtype"":""torch.float32"",""shape"":[256,256,256],""stride"":[65536,256,1]},{""arg"":4,""literal"":null},{""arg"":5,""literal"":false},{""arg"":6,""literal"":false},{""arg"":7,""literal"":false},{""arg"":8,""literal"":0.0625}]",default_config,,triton_b200_formula_matmul,1.0,2.012969288260279,2.6311594892753862,1.3071036426737448,1331.0719728469849,661.2480282783508,505.8879852294922
on::helion.linear_attention_engine.chunk_bwd_dh_diag_fused::chunk_bwd_dh_diag_fused#9:B1_T8192_H96_D128,helion.linear_attention_engine.chunk_bwd_dh_diag_fused,chunk_bwd_dh_diag_fused#9:B1_T8192_H96_D128,"[{""arg"":0,""dtype"":""torch.bfloat16"",""shape"":[96,128,64,128],""stride"":[1048576,8192,128,1]},{""arg"":1,""dtype"":""torch.bfloat16"",""shape"":[96,128,64,128],""stride"":[1048576,8192,128,1]},{""arg"":2,""dtype"":""torch.float32"",""shape"":[96,128,128],""stride"":[16384,128,1]},{""arg"":3,""dtype"":""torch.float32"",""shape"":[96,128,128],""stride"":[16384,128,1]},{""arg"":4,""dtype"":""torch.float32"",""shape"":[96,128,64,128],""stride"":[1048576,8192,128,1]},{""arg"":5,""literal"":true},{""arg"":6,""literal"":false},{""arg"":7,""literal"":true},{""arg"":8,""literal"":0.08838834764831843}]",default_config,,triton_b200_formula_matmul,1.0,1.9168509329727452,2.5077087880053632,1.308244029240337,749.504029750824,391.0079896450043,298.880010843277
on::helion.linear_attention_engine.chunk_bwd_dk_delta_helion::chunk_bwd_dk_delta_helion#0:B8_T1024_H8_D64,helion.linear_attention_engine.chunk_bwd_dk_delta_helion,chunk_bwd_dk_delta_helion#0:B8_T1024_H8_D64,"[{""arg"":0,""dtype"":""torch.bfloat16"",""shape"":[1024,64,64],""stride"":[4096,64,1]},{""arg"":1,""dtype"":""torch.bfloat16"",""shape"":[1024,64,64],""stride"":[4096,64,1]},{""arg"":2,""dtype"":""torch.float32"",""shape"":[1024,64,64],""stride"":[4096,64,1]},{""arg"":3,""dtype"":""torch.bfloat16"",""shape"":[1024,64],""stride"":[64,1]},{""arg"":4,""dtype"":""torch.float32"",""shape"":[1024,64,64],""stride"":[4096,64,1]}]",default_config,,triton_b200_multi_matmul,1.0,0.7874015314965641,0.9150326419429945,1.162091519181897,22.39999920129776,28.44800055027008,24.480000138282776
on::helion.linear_attention_engine.chunk_bwd_dk_delta_helion::chunk_bwd_dk_delta_helion#1:B4_T2048_H16_D128,helion.linear_attention_engine.chunk_bwd_dk_delta_helion,chunk_bwd_dk_delta_helion#1:B4_T2048_H16_D128,"[{""arg"":0,""dtype"":""torch.bfloat16"",""shape"":[2048,64,128],""stride"":[8192,128,1]},{""arg"":1,""dtype"":""torch.bfloat16"",""shape"":[2048,64,64],""stride"":[4096,64,1]},{""arg"":2,""dtype"":""torch.float32"",""shape"":[2048,64,128],""stride"":[8192,128,1]},{""arg"":3,""dtype"":""torch.bfloat16"",""shape"":[2048,64],""stride"":[64,1]},{""arg"":4,""dtype"":""torch.float32"",""shape"":[2048,64,128],""stride"":[8192,128,1]}]",default_config,,triton_b200_multi_matmul,1.0,0.9653243810731865,1.0017411624519432,1.0377249161968445,55.23199960589409,57.21599981188774,55.135998874902725
on::helion.linear_attention_engine.chunk_bwd_dk_delta_helion::chunk_bwd_dk_delta_helion#2:B2_T16384_H16_D128,helion.linear_attention_engine.chunk_bwd_dk_delta_helion,chunk_bwd_dk_delta_helion#2:B2_T16384_H16_D128,"[{""arg"":0,""dtype"":""torch.bfloat16"",""shape"":[8192,64,128],""stride"":[8192,128,1]},{""arg"":1,""dtype"":""torch.bfloat16"",""shape"":[8192,64,64],""stride"":[4096,64,1]},{""arg"":2,""dtype"":""torch.float32"",""shape"":[8192,64,128],""stride"":[8192,128,1]},{""arg"":3,""dtype"":""torch.bfloat16"",""shape"":[8192,64],""stride"":[64,1]},{""arg"":4,""dtype"":""torch.float32"",""shape"":[8192,64,128],""stride"":[8192,128,1]}]",default_config,,triton_b200_multi_matmul,1.0,0.952531673549589,1.1345898479022165,1.1911308352342673,163.7440025806427,171.90399765968323,144.31999623775482
on::helion.linear_attention_engine.chunk_bwd_dk_delta_helion::chunk_bwd_dk_delta_helion#3:B8_T2048_H32_D256,helion.linear_attention_engine.chunk_bwd_dk_delta_helion,chunk_bwd_dk_delta_helion#3:B8_T2048_H32_D256,"[{""arg"":0,""dtype"":""torch.bfloat16"",""shape"":[8192,64,256],""stride"":[16384,256,1]},{""arg"":1,""dtype"":""torch.bfloat16"",""shape"":[8192,64,64],""stride"":[4096,64,1]},{""arg"":2,""dtype"":""torch.float32"",""shape"":[8192,64,256],""stride"":[16384,256,1]},{""arg"":3,""dtype"":""torch.bfloat16"",""shape"":[8192,64],""stride"":[64,1]},{""arg"":4,""dtype"":""torch.float32"",""shape"":[8192,64,256],""stride"":[16384,256,1]}]",default_config,,triton_b200_multi_matmul,1.0,0.6978266070544386,0.9936859782019816,1.423972614624685,307.20001459121704,440.2239918708801,309.1520071029663
on::helion.linear_attention_engine.chunk_bwd_dk_delta_helion::chunk_bwd_dk_delta_helion#4:B1_T8192_H96_D128,helion.linear_attention_engine.chunk_bwd_dk_delta_helion,chunk_bwd_dk_delta_helion#4:B1_T8192_H96_D128,"[{""arg"":0,""dtype"":""torch.bfloat16"",""shape"":[12288,64,128],""stride"":[8192,128,1]},{""arg"":1,""dtype"":""torch.bfloat16"",""shape"":[12288,64,64],""stride"":[4096,64,1]},{""arg"":2,""dtype"":""torch.float32"",""shape"":[12288,64,128],""stride"":[8192,128,1]},{""arg"":3,""dtype"":""torch.bfloat16"",""shape"":[12288,64],""stride"":[64,1]},{""arg"":4,""dtype"":""torch.float32"",""shape"":[12288,64,128],""stride"":[8192,128,1]}]",default_config,,triton_b200_multi_matmul,1.0,0.9502712588337007,0.9584419128172363,1.0085982333018928,235.4239970445633,247.74399399757385,245.63199281692505
on::helion.linear_attention_engine.chunk_bwd_dqk_helion::chunk_bwd_dqk_helion#0:B8_T1024_H8_D64,helion.linear_attention_engine.chunk_bwd_dqk_helion,chunk_bwd_dqk_helion#0:B8_T1024_H8_D64,"[{""arg"":0,""dtype"":""torch.bfloat16"",""shape"":[1024,64,64],""stride"":[4096,64,1]},{""arg"":1,""dtype"":""torch.bfloat16"",""shape"":[1024,64,64],""stride"":[4096,64,1]},{""arg"":2,""dtype"":""torch.bfloat16"",""shape"":[1024,64,64],""stride"":[4096,64,1]},{""arg"":3,""literal"":null},{""arg"":4,""literal"":null},{""arg"":5,""dtype"":""torch.bfloat16"",""shape"":[1024,64,64],""stride"":[4096,64,1]},{""arg"":6,""dtype"":""torch.bfloat16"",""shape"":[1024,64,64],""stride"":[4096,64,1]},{""arg"":7,""dtype"":""torch.float32"",""shape"":[1024,64,64],""stride"":[4096,64,1]},{""arg"":8,""literal"":false},{""arg"":9,""literal"":0.125}]",default_config,,triton_b200_multi_matmul,1.0,1.5014692161280718,2.183760758881975,1.4544159383522821,49.056001007556915,32.67199918627739,22.463999688625336
on::helion.linear_attention_engine.chunk_bwd_dqk_helion::chunk_bwd_dqk_helion#1:B4_T2048_H16_D128,helion.linear_attention_engine.chunk_bwd_dqk_helion,chunk_bwd_dqk_helion#1:B4_T2048_H16_D128,"[{""arg"":0,""dtype"":""torch.bfloat16"",""shape"":[2048,64,128],""stride"":[8192,128,1]},{""arg"":1,""dtype"":""torch.bfloat16"",""shape"":[2048,64,128],""stride"":[8192,128,1]},{""arg"":2,""dtype"":""torch.bfloat16"",""shape"":[2048,64,128],""stride"":[8192,128,1]},{""arg"":3,""literal"":null},{""arg"":4,""literal"":null},{""arg"":5,""dtype"":""torch.bfloat16"",""shape"":[2048,128,128],""stride"":[16384,128,1]},{""arg"":6,""dtype"":""torch.bfloat16"",""shape"":[2048,64,128],""stride"":[8192,128,1]},{""arg"":7,""dtype"":""torch.float32"",""shape"":[2048,128,128],""stride"":[16384,128,1]},{""arg"":8,""literal"":false},{""arg"":9,""literal"":0.08838834764831843}]",default_config,,triton_b200_multi_matmul,1.0,2.1764060351746095,3.030175848506753,1.3922842518967962,253.85600328445435,116.64000153541565,83.77599716186523
on::helion.linear_attention_engine.chunk_bwd_dqk_helion::chunk_bwd_dqk_helion#2:B2_T16384_H16_D128,helion.linear_attention_engine.chunk_bwd_dqk_helion,chunk_bwd_dqk_helion#2:B2_T16384_H16_D128,"[{""arg"":0,""dtype"":""torch.bfloat16"",""shape"":[8192,64,128],""stride"":[8192,128,1]},{""arg"":1,""dtype"":""torch.bfloat16"",""shape"":[8192,64,128],""stride"":[8192,128,1]},{""arg"":2,""dtype"":""torch.bfloat16"",""shape"":[8192,64,128],""stride"":[8192,128,1]},{""arg"":3,""literal"":null},{""arg"":4,""literal"":null},{""arg"":5,""dtype"":""torch.bfloat16"",""shape"":[8192,128,128],""stride"":[16384,128,1]},{""arg"":6,""dtype"":""torch.bfloat16"",""shape"":[8192,64,128],""stride"":[8192,128,1]},{""arg"":7,""dtype"":""torch.float32"",""shape"":[8192,128,128],""stride"":[16384,128,1]},{""arg"":8,""literal"":false},{""arg"":9,""literal"":0.08838834764831843}]",default_config,,triton_b200_multi_matmul,1.0,2.3734691437531725,3.5232873369533815,1.4844462361040005,976.7680168151855,411.53600811958313,277.23200619220734
on::helion.linear_attention_engine.chunk_bwd_dqk_helion::chunk_bwd_dqk_helion#3:B8_T2048_H32_D256,helion.linear_attention_engine.chunk_bwd_dqk_helion,chunk_bwd_dqk_helion#3:B8_T2048_H32_D256,"[{""arg"":0,""dtype"":""torch.bfloat16"",""shape"":[8192,64,256],""stride"":[16384,256,1]},{""arg"":1,""dtype"":""torch.bfloat16"",""shape"":[8192,64,256],""stride"":[16384,256,1]},{""arg"":2,""dtype"":""torch.bfloat16"",""shape"":[8192,64,256],""stride"":[16384,256,1]},{""arg"":3,""literal"":null},{""arg"":4,""literal"":null},{""arg"":5,""dtype"":""torch.bfloat16"",""shape"":[8192,256,256],""stride"":[65536,256,1]},{""arg"":6,""dtype"":""torch.bfloat16"",""shape"":[8192,64,256],""stride"":[16384,256,1]},{""arg"":7,""dtype"":""torch.float32"",""shape"":[8192,256,256],""stride"":[65536,256,1]},{""arg"":8,""literal"":false},{""arg"":9,""literal"":0.0625}]",default_config,,triton_b200_multi_matmul,1.0,2.5597653873545023,2.932122659992186,1.1454653908819792,3386.672019958496,1323.0400085449219,1155.023992061615
on::helion.linear_attention_engine.chunk_bwd_dqk_helion::chunk_bwd_dqk_helion#4:B1_T8192_H96_D128,helion.linear_attention_engine.chunk_bwd_dqk_helion,chunk_bwd_dqk_helion#4:B1_T8192_H96_D128,"[{""arg"":0,""dtype"":""torch.bfloat16"",""shape"":[12288,64,128],""stride"":[8192,128,1]},{""arg"":1,""dtype"":""torch.bfloat16"",""shape"":[12288,64,128],""stride"":[8192,128,1]},{""arg"":2,""dtype"":""torch.bfloat16"",""shape"":[12288,64,128],""stride"":[8192,128,1]},{""arg"":3,""literal"":null},{""arg"":4,""literal"":null},{""arg"":5,""dtype"":""torch.bfloat16"",""shape"":[12288,128,128],""stride"":[16384,128,1]},{""arg"":6,""dtype"":""torch.bfloat16"",""shape"":[12288,64,128],""stride"":[8192,128,1]},{""arg"":7,""dtype"":""torch.float32"",""shape"":[12288,128,128],""stride"":[16384,128,1]},{""arg"":8,""literal"":false},{""arg"":9,""literal"":0.08838834764831843}]",default_config,,triton_b200_multi_matmul,1.0,2.3902304969119768,3.525991910382665,1.4751681542587707,1458.575963973999,610.2239787578583,413.6640131473541
on::helion.linear_attention_engine.chunk_bwd_dqkg_scalar_helion::chunk_bwd_dqkg_scalar_helion#0:B8_T1024_H8_D64,helion.linear_attention_engine.chunk_bwd_dqkg_scalar_helion,chunk_bwd_dqkg_scalar_helion#0:B8_T1024_H8_D64,"[{""arg"":0,""dtype"":""torch.bfloat16"",""shape"":[1024,64,64],""stride"":[4096,64,1]},{""arg"":1,""dtype"":""torch.bfloat16"",""shape"":[1024,64,64],""stride"":[4096,64,1]},{""arg"":2,""dtype"":""torch.bfloat16"",""shape"":[1024,64,64],""stride"":[4096,64,1]},{""arg"":3,""dtype"":""torch.float32"",""shape"":[1024,64],""stride"":[64,1]},{""arg"":4,""dtype"":""torch.bfloat16"",""shape"":[1024,64,64],""stride"":[4096,64,1]},{""arg"":5,""dtype"":""torch.bfloat16"",""shape"":[1024,64,64],""stride"":[4096,64,1]},{""arg"":6,""dtype"":""torch.float32"",""shape"":[1024,64,64],""stride"":[4096,64,1]},{""arg"":7,""dtype"":""torch.float32"",""shape"":[1024],""stride"":[1]},{""arg"":8,""literal"":false},{""arg"":9,""literal"":false},{""arg"":10,""literal"":0.125}]",default_config,,triton_b200_multi_matmul,1.0,1.3365672178613774,2.1500600489237836,1.6086434114133554,57.312000542879105,42.87999868392944,26.655999943614006
on::helion.linear_attention_engine.chunk_bwd_dqkg_scalar_helion::chunk_bwd_dqkg_scalar_helion#7:B4_T2048_H16_D128,helion.linear_attention_engine.chunk_bwd_dqkg_scalar_helion,chunk_bwd_dqkg_scalar_helion#7:B4_T2048_H16_D128,"[{""arg"":0,""dtype"":""torch.bfloat16"",""shape"":[2048,64,128],""stride"":[8192,128,1]},{""arg"":1,""dtype"":""torch.bfloat16"",""shape"":[2048,64,128],""stride"":[8192,128,1]},{""arg"":2,""dtype"":""torch.bfloat16"",""shape"":[2048,64,128],""stride"":[8192,128,1]},{""arg"":3,""dtype"":""torch.float32"",""shape"":[2048,64,128],""stride"":[8192,128,1]},{""arg"":4,""dtype"":""torch.bfloat16"",""shape"":[2048,128,128],""stride"":[16384,128,1]},{""arg"":5,""dtype"":""torch.bfloat16"",""shape"":[2048,64,128],""stride"":[8192,128,1]},{""arg"":6,""dtype"":""torch.float32"",""shape"":[2048,128,128],""stride"":[16384,128,1]},{""arg"":7,""literal"":null},{""arg"":8,""literal"":true},{""arg"":9,""literal"":true},{""arg"":10,""literal"":0.08838834764831843}]",default_config,,triton_b200_multi_matmul,1.0,1.5529682993949203,1.7619696951668844,1.1345818815834146,454.5600116252899,292.7039861679077,257.9840123653412
on::helion.linear_attention_engine.chunk_bwd_dqkg_scalar_helion::chunk_bwd_dqkg_scalar_helion#2:B2_T16384_H16_D128,helion.linear_attention_engine.chunk_bwd_dqkg_scalar_helion,chunk_bwd_dqkg_scalar_helion#2:B2_T16384_H16_D128,"[{""arg"":0,""dtype"":""torch.bfloat16"",""shape"":[8192,64,128],""stride"":[8192,128,1]},{""arg"":1,""dtype"":""torch.bfloat16"",""shape"":[8192,64,128],""stride"":[8192,128,1]},{""arg"":2,""dtype"":""torch.bfloat16"",""shape"":[8192,64,128],""stride"":[8192,128,1]},{""arg"":3,""dtype"":""torch.float32"",""shape"":[8192,64],""stride"":[64,1]},{""arg"":4,""dtype"":""torch.bfloat16"",""shape"":[8192,128,128],""stride"":[16384,128,1]},{""arg"":5,""dtype"":""torch.bfloat16"",""shape"":[8192,64,128],""stride"":[8192,128,1]},{""arg"":6,""dtype"":""torch.float32"",""shape"":[8192,128,128],""stride"":[16384,128,1]},{""arg"":7,""dtype"":""torch.float32"",""shape"":[8192],""stride"":[1]},{""arg"":8,""literal"":false},{""arg"":9,""literal"":false},{""arg"":10,""literal"":0.08838834764831843}]",default_config,,triton_b200_multi_matmul,1.0,2.4094126096279624,2.8992229046223583,1.2032903343483488,1122.2079992294312,465.7599925994873,387.07199692726135
on::helion.linear_attention_engine.chunk_bwd_dqkg_scalar_helion::chunk_bwd_dqkg_scalar_helion#9:B8_T2048_H32_D256,helion.linear_attention_engine.chunk_bwd_dqkg_scalar_helion,chunk_bwd_dqkg_scalar_helion#9:B8_T2048_H32_D256,"[{""arg"":0,""dtype"":""torch.bfloat16"",""shape"":[8192,64,256],""stride"":[16384,256,1]},{""arg"":1,""dtype"":""torch.bfloat16"",""shape"":[8192,64,256],""stride"":[16384,256,1]},{""arg"":2,""dtype"":""torch.bfloat16"",""shape"":[8192,64,256],""stride"":[16384,256,1]},{""arg"":3,""dtype"":""torch.float32"",""shape"":[8192,64,256],""stride"":[16384,256,1]},{""arg"":4,""dtype"":""torch.bfloat16"",""shape"":[8192,256,256],""stride"":[65536,256,1]},{""arg"":5,""dtype"":""torch.bfloat16"",""shape"":[8192,64,256],""stride"":[16384,256,1]},{""arg"":6,""dtype"":""torch.float32"",""shape"":[8192,256,256],""stride"":[65536,256,1]},{""arg"":7,""literal"":null},{""arg"":8,""literal"":true},{""arg"":9,""literal"":true},{""arg"":10,""literal"":0.0625}]",default_config,,triton_b200_multi_matmul,1.0,2.1654996374769415,2.3992431913577894,1.1079397797328594,5681.023836135864,2623.4240531921387,2367.8399324417114
on::helion.linear_attention_engine.chunk_bwd_dqkg_scalar_helion::chunk_bwd_dqkg_scalar_helion#4:B1_T8192_H96_D128,helion.linear_attention_engine.chunk_bwd_dqkg_scalar_helion,chunk_bwd_dqkg_scalar_helion#4:B1_T8192_H96_D128,"[{""arg"":0,""dtype"":""torch.bfloat16"",""shape"":[12288,64,128],""stride"":[8192,128,1]},{""arg"":1,""dtype"":""torch.bfloat16"",""shape"":[12288,64,128],""stride"":[8192,128,1]},{""arg"":2,""dtype"":""torch.bfloat16"",""shape"":[12288,64,128],""stride"":[8192,128,1]},{""arg"":3,""dtype"":""torch.float32"",""shape"":[12288,64],""stride"":[64,1]},{""arg"":4,""dtype"":""torch.bfloat16"",""shape"":[12288,128,128],""stride"":[16384,128,1]},{""arg"":5,""dtype"":""torch.bfloat16"",""shape"":[12288,64,128],""stride"":[8192,128,1]},{""arg"":6,""dtype"":""torch.float32"",""shape"":[12288,128,128],""stride"":[16384,128,1]},{""arg"":7,""dtype"":""torch.float32"",""shape"":[12288],""stride"":[1]},{""arg"":8,""literal"":false},{""arg"":9,""literal"":false},{""arg"":10,""literal"":0.08838834764831843}]",default_config,,triton_b200_multi_matmul,1.0,2.4331953291376247,2.9950768760959794,1.2309233213749007,1674.2719411849976,688.0959868431091,559.008002281189
on::helion.linear_attention_engine.chunk_bwd_dqkw_delta_helion::chunk_bwd_dqkw_delta_helion#0:B8_T1024_H8_D64,helion.linear_attention_engine.chunk_bwd_dqkw_delta_helion,chunk_bwd_dqkw_delta_helion#0:B8_T1024_H8_D64,"[{""arg"":0,""dtype"":""torch.bfloat16"",""shape"":[1024,64,64],""stride"":[4096,64,1]},{""arg"":1,""dtype"":""torch.bfloat16"",""shape"":[1024,64,64],""stride"":[4096,64,1]},{""arg"":2,""dtype"":""torch.bfloat16"",""shape"":[1024,64,64],""stride"":[4096,64,1]},{""arg"":3,""dtype"":""torch.bfloat16"",""shape"":[1024,64,64],""stride"":[4096,64,1]},{""arg"":4,""dtype"":""torch.bfloat16"",""shape"":[1024,64,64],""stride"":[4096,64,1]},{""arg"":5,""dtype"":""torch.bfloat16"",""shape"":[1024,64,64],""stride"":[4096,64,1]},{""arg"":6,""dtype"":""torch.bfloat16"",""shape"":[1024,64,64],""stride"":[4096,64,1]},{""arg"":7,""literal"":null},{""arg"":8,""literal"":null},{""arg"":9,""literal"":false},{""arg"":10,""literal"":0.125}]",default_config,,triton_b200_multi_matmul,1.0,1.480275512850662,1.9496907241042405,1.3171134070505532,75.6480023264885,51.10400170087814,38.80000114440918
on::helion.linear_attention_engine.chunk_bwd_dqkw_delta_helion::chunk_bwd_dqkw_delta_helion#7:B4_T2048_H16_D128,helion.linear_attention_engine.chunk_bwd_dqkw_delta_helion,chunk_bwd_dqkw_delta_helion#7:B4_T2048_H16_D128,"[{""arg"":0,""dtype"":""torch.bfloat16"",""shape"":[2048,64,128],""stride"":[8192,128,1]},{""arg"":1,""dtype"":""torch.bfloat16"",""shape"":[2048,64,128],""stride"":[8192,128,1]},{""arg"":2,""dtype"":""torch.bfloat16"",""shape"":[2048,128,128],""stride"":[16384,128,1]},{""arg"":3,""dtype"":""torch.bfloat16"",""shape"":[2048,64,128],""stride"":[8192,128,1]},{""arg"":4,""dtype"":""torch.bfloat16"",""shape"":[2048,64,128],""stride"":[8192,128,1]},{""arg"":5,""dtype"":""torch.bfloat16"",""shape"":[2048,64,128],""stride"":[8192,128,1]},{""arg"":6,""dtype"":""torch.bfloat16"",""shape"":[2048,128,128],""stride"":[16384,128,1]},{""arg"":7,""dtype"":""torch.float32"",""shape"":[2048,64],""stride"":[64,1]},{""arg"":8,""dtype"":""torch.float32"",""shape"":[2048],""stride"":[1]},{""arg"":9,""literal"":true},{""arg"":10,""literal"":0.08838834764831843}]",default_config,,triton_b200_multi_matmul,1.0,1.5548004219991216,2.861163403360901,1.8402126490820554,585.6000185012817,376.6399919986725,204.67199385166168
on::helion.linear_attention_engine.chunk_bwd_dqkw_delta_helion::chunk_bwd_dqkw_delta_helion#2:B2_T16384_H16_D128,helion.linear_attention_engine.chunk_bwd_dqkw_delta_helion,chunk_bwd_dqkw_delta_helion#2:B2_T16384_H16_D128,"[{""arg"":0,""dtype"":""torch.bfloat16"",""shape"":[8192,64,128],""stride"":[8192,128,1]},{""arg"":1,""dtype"":""torch.bfloat16"",""shape"":[8192,64,128],""stride"":[8192,128,1]},{""arg"":2,""dtype"":""torch.bfloat16"",""shape"":[8192,128,128],""stride"":[16384,128,1]},{""arg"":3,""dtype"":""torch.bfloat16"",""shape"":[8192,64,128],""stride"":[8192,128,1]},{""arg"":4,""dtype"":""torch.bfloat16"",""shape"":[8192,64,128],""stride"":[8192,128,1]},{""arg"":5,""dtype"":""torch.bfloat16"",""shape"":[8192,64,128],""stride"":[8192,128,1]},{""arg"":6,""dtype"":""torch.bfloat16"",""shape"":[8192,128,128],""stride"":[16384,128,1]},{""arg"":7,""literal"":null},{""arg"":8,""literal"":null},{""arg"":9,""literal"":false},{""arg"":10,""literal"":0.08838834764831843}]",default_config,,triton_b200_multi_matmul,1.0,2.289682083161389,2.704200008589056,1.181037327616827,1420.5920100212097,620.4319894313812,525.3280103206635
on::helion.linear_attention_engine.chunk_bwd_dqkw_delta_helion::chunk_bwd_dqkw_delta_helion#9:B8_T2048_H32_D256,helion.linear_attention_engine.chunk_bwd_dqkw_delta_helion,chunk_bwd_dqkw_delta_helion#9:B8_T2048_H32_D256,"[{""arg"":0,""dtype"":""torch.bfloat16"",""shape"":[8192,64,256],""stride"":[16384,256,1]},{""arg"":1,""dtype"":""torch.bfloat16"",""shape"":[8192,64,256],""stride"":[16384,256,1]},{""arg"":2,""dtype"":""torch.bfloat16"",""shape"":[8192,256,256],""stride"":[65536,256,1]},{""arg"":3,""dtype"":""torch.bfloat16"",""shape"":[8192,64,256],""stride"":[16384,256,1]},{""arg"":4,""dtype"":""torch.bfloat16"",""shape"":[8192,64,256],""stride"":[16384,256,1]},{""arg"":5,""dtype"":""torch.bfloat16"",""shape"":[8192,64,256],""stride"":[16384,256,1]},{""arg"":6,""dtype"":""torch.bfloat16"",""shape"":[8192,256,256],""stride"":[65536,256,1]},{""arg"":7,""dtype"":""torch.float32"",""shape"":[8192,64],""stride"":[64,1]},{""arg"":8,""dtype"":""torch.float32"",""shape"":[8192],""stride"":[1]},{""arg"":9,""literal"":true},{""arg"":10,""literal"":0.0625}]",default_config,,triton_b200_multi_matmul,1.0,0.9066570006841562,3.679566181539239,4.058388319687233,8213.615894317627,9059.231758117676,2232.2239875793457
on::helion.linear_attention_engine.chunk_bwd_dqkw_delta_helion::chunk_bwd_dqkw_delta_helion#4:B1_T8192_H96_D128,helion.linear_attention_engine.chunk_bwd_dqkw_delta_helion,chunk_bwd_dqkw_delta_helion#4:B1_T8192_H96_D128,"[{""arg"":0,""dtype"":""torch.bfloat16"",""shape"":[12288,64,128],""stride"":[8192,128,1]},{""arg"":1,""dtype"":""torch.bfloat16"",""shape"":[12288,64,128],""stride"":[8192,128,1]},{""arg"":2,""dtype"":""torch.bfloat16"",""shape"":[12288,128,128],""stride"":[16384,128,1]},{""arg"":3,""dtype"":""torch.bfloat16"",""shape"":[12288,64,128],""stride"":[8192,128,1]},{""arg"":4,""dtype"":""torch.bfloat16"",""shape"":[12288,64,128],""stride"":[8192,128,1]},{""arg"":5,""dtype"":""torch.bfloat16"",""shape"":[12288,64,128],""stride"":[8192,128,1]},{""arg"":6,""dtype"":""torch.bfloat16"",""shape"":[12288,128,128],""stride"":[16384,128,1]},{""arg"":7,""literal"":null},{""arg"":8,""literal"":null},{""arg"":9,""literal"":false},{""arg"":10,""literal"":0.08838834764831843}]",default_config,,triton_b200_multi_matmul,1.0,2.294634251448661,2.7605055988661964,1.2030264069855223,2107.3920726776123,918.39998960495,763.4080052375793
on::helion.linear_attention_engine.chunk_bwd_dstate_delta_helion::chunk_bwd_dstate_delta_helion#1:B8_T1024_H8_D64,helion.linear_attention_engine.chunk_bwd_dstate_delta_helion,chunk_bwd_dstate_delta_helion#1:B8_T1024_H8_D64,"[{""arg"":0,""dtype"":""torch.bfloat16"",""shape"":[64,16,64,64],""stride"":[65536,4096,64,1]},{""arg"":1,""dtype"":""torch.bfloat16"",""shape"":[64,16,64,64],""stride"":[65536,4096,64,1]},{""arg"":2,""dtype"":""torch.bfloat16"",""shape"":[64,16,64,64],""stride"":[65536,4096,64,1]},{""arg"":3,""dtype"":""torch.bfloat16"",""shape"":[64,16,64,64],""stride"":[65536,4096,64,1]},{""arg"":4,""dtype"":""torch.bfloat16"",""shape"":[64,64,64],""stride"":[4096,64,1]},{""arg"":5,""literal"":null},{""arg"":6,""literal"":null},{""arg"":7,""literal"":false},{""arg"":8,""literal"":0.125}]",default_config,,triton_b200_multi_matmul,1.0,1.7078341288738004,1.710988047919256,1.001846736162566,59.29600074887276,34.71999987959862,34.65599939227104
on::helion.linear_attention_engine.chunk_bwd_dstate_delta_helion::chunk_bwd_dstate_delta_helion#8:B4_T2048_H16_D128,helion.linear_attention_engine.chunk_bwd_dstate_delta_helion,chunk_bwd_dstate_delta_helion#8:B4_T2048_H16_D128,"[{""arg"":0,""dtype"":""torch.bfloat16"",""shape"":[64,32,64,128],""stride"":[262144,8192,128,1]},{""arg"":1,""dtype"":""torch.bfloat16"",""shape"":[64,32,64,128],""stride"":[262144,8192,128,1]},{""arg"":2,""dtype"":""torch.bfloat16"",""shape"":[64,32,64,128],""stride"":[262144,8192,128,1]},{""arg"":3,""dtype"":""torch.bfloat16"",""shape"":[64,32,64,128],""stride"":[262144,8192,128,1]},{""arg"":4,""dtype"":""torch.bfloat16"",""shape"":[64,128,128],""stride"":[16384,128,1]},{""arg"":5,""dtype"":""torch.float32"",""shape"":[64,32,64],""stride"":[2048,64,1]},{""arg"":6,""dtype"":""torch.float32"",""shape"":[64,32],""stride"":[32,1]},{""arg"":7,""literal"":true},{""arg"":8,""literal"":0.08838834764831843}]",default_config,,triton_b200_multi_matmul,1.0,1.8515806566009965,1.8918734823159151,1.0217613127309753,178.0479997396469,96.16000205278397,94.11200135946274
on::helion.linear_attention_engine.chunk_bwd_dstate_delta_helion::chunk_bwd_dstate_delta_helion#0:B2_T16384_H16_D128,helion.linear_attention_engine.chunk_bwd_dstate_delta_helion,chunk_bwd_dstate_delta_helion#0:B2_T16384_H16_D128,"[{""arg"":0,""dtype"":""torch.bfloat16"",""shape"":[32,256,64,128],""stride"":[2097152,8192,128,1]},{""arg"":1,""dtype"":""torch.bfloat16"",""shape"":[32,256,64,128],""stride"":[2097152,8192,128,1]},{""arg"":2,""dtype"":""torch.bfloat16"",""shape"":[32,256,64,128],""stride"":[2097152,8192,128,1]},{""arg"":3,""dtype"":""torch.bfloat16"",""shape"":[32,256,64,128],""stride"":[2097152,8192,128,1]},{""arg"":4,""dtype"":""torch.bfloat16"",""shape"":[32,128,128],""stride"":[16384,128,1]},{""arg"":5,""literal"":null},{""arg"":6,""literal"":null},{""arg"":7,""literal"":false},{""arg"":8,""literal"":0.08838834764831843}]",default_config,,triton_b200_multi_matmul,1.0,2.0583728829974466,2.1519442320007145,1.0454588912320915,1079.3119668960571,524.3520140647888,501.552015542984
on::helion.linear_attention_engine.chunk_bwd_dstate_delta_helion::chunk_bwd_dstate_delta_helion#10:B8_T2048_H32_D256,helion.linear_attention_engine.chunk_bwd_dstate_delta_helion,chunk_bwd_dstate_delta_helion#10:B8_T2048_H32_D256,"[{""arg"":0,""dtype"":""torch.bfloat16"",""shape"":[256,32,64,256],""stride"":[524288,16384,256,1]},{""arg"":1,""dtype"":""torch.bfloat16"",""shape"":[256,32,64,256],""stride"":[524288,16384,256,1]},{""arg"":2,""dtype"":""torch.bfloat16"",""shape"":[256,32,64,256],""stride"":[524288,16384,256,1]},{""arg"":3,""dtype"":""torch.bfloat16"",""shape"":[256,32,64,256],""stride"":[524288,16384,256,1]},{""arg"":4,""dtype"":""torch.bfloat16"",""shape"":[256,256,256],""stride"":[65536,256,1]},{""arg"":5,""dtype"":""torch.float32"",""shape"":[256,32,64],""stride"":[2048,64,1]},{""arg"":6,""dtype"":""torch.float32"",""shape"":[256,32],""stride"":[32,1]},{""arg"":7,""literal"":true},{""arg"":8,""literal"":0.0625}]",default_config,,triton_b200_multi_matmul,1.0,1.223706306904948,2.804673591412807,2.2919499356888267,2805.616021156311,2292.720079421997,1000.3360211849213
on::helion.linear_attention_engine.chunk_bwd_dstate_delta_helion::chunk_bwd_dstate_delta_helion#3:B1_T8192_H96_D128,helion.linear_attention_engine.chunk_bwd_dstate_delta_helion,chunk_bwd_dstate_delta_helion#3:B1_T8192_H96_D128,"[{""arg"":0,""dtype"":""torch.bfloat16"",""shape"":[96,128,64,128],""stride"":[1048576,8192,128,1]},{""arg"":1,""dtype"":""torch.bfloat16"",""shape"":[96,128,64,128],""stride"":[1048576,8192,128,1]},{""arg"":2,""dtype"":""torch.bfloat16"",""shape"":[96,128,64,128],""stride"":[1048576,8192,128,1]},{""arg"":3,""dtype"":""torch.bfloat16"",""shape"":[96,128,64,128],""stride"":[1048576,8192,128,1]},{""arg"":4,""dtype"":""torch.bfloat16"",""shape"":[96,128,128],""stride"":[16384,128,1]},{""arg"":5,""literal"":null},{""arg"":6,""literal"":null},{""arg"":7,""literal"":false},{""arg"":8,""literal"":0.08838834764831843}]",default_config,,triton_b200_multi_matmul,1.0,2.1021577495578057,2.7537819067729554,1.3099787146574613,1328.160047531128,631.8079829216003,482.30400681495667
on::helion.linear_attention_engine.chunk_bwd_dv_helion::chunk_bwd_dv_helion#0:B8_T1024_H8_D64,helion.linear_attention_engine.chunk_bwd_dv_helion,chunk_bwd_dv_helion#0:B8_T1024_H8_D64,"[{""arg"":0,""dtype"":""torch.bfloat16"",""shape"":[1024,64,64],""stride"":[4096,64,1]},{""arg"":1,""dtype"":""torch.bfloat16"",""shape"":[1024,64,64],""stride"":[4096,64,1]},{""arg"":2,""dtype"":""torch.bfloat16"",""shape"":[1024,64,64],""stride"":[4096,64,1]},{""arg"":3,""literal"":null},{""arg"":4,""dtype"":""torch.bfloat16"",""shape"":[1024,64,64],""stride"":[4096,64,1]},{""arg"":5,""dtype"":""torch.float32"",""shape"":[1024,64,64],""stride"":[4096,64,1]},{""arg"":6,""literal"":null},{""arg"":7,""literal"":null},{""arg"":8,""literal"":false},{""arg"":9,""literal"":false},{""arg"":10,""literal"":false},{""arg"":11,""literal"":0.125}]",default_config,,triton_b200_multi_matmul,1.0,1.4712041824185436,2.2160883221384577,1.5063091504371495,44.95999962091446,30.559999868273735,20.287999883294106
on::helion.linear_attention_engine.chunk_bwd_dv_helion::chunk_bwd_dv_helion#7:B4_T2048_H16_D128,helion.linear_attention_engine.chunk_bwd_dv_helion,chunk_bwd_dv_helion#7:B4_T2048_H16_D128,"[{""arg"":0,""dtype"":""torch.bfloat16"",""shape"":[2048,64,128],""stride"":[8192,128,1]},{""arg"":1,""dtype"":""torch.bfloat16"",""shape"":[2048,64,128],""stride"":[8192,128,1]},{""arg"":2,""dtype"":""torch.bfloat16"",""shape"":[2048,64,128],""stride"":[8192,128,1]},{""arg"":3,""dtype"":""torch.float32"",""shape"":[2048,64,128],""stride"":[8192,128,1]},{""arg"":4,""dtype"":""torch.bfloat16"",""shape"":[2048,64,128],""stride"":[8192,128,1]},{""arg"":5,""dtype"":""torch.float32"",""shape"":[2048,128,128],""stride"":[16384,128,1]},{""arg"":6,""literal"":null},{""arg"":7,""dtype"":""torch.bfloat16"",""shape"":[2048,64,64],""stride"":[4096,64,1]},{""arg"":8,""literal"":true},{""arg"":9,""literal"":false},{""arg"":10,""literal"":true},{""arg"":11,""literal"":0.08838834764831843}]",default_config,,triton_b200_multi_matmul,1.0,3.6582609069765675,3.6534954419586487,0.998697341403717,269.24800872802734,73.60000163316727,73.69600236415863
on::helion.linear_attention_engine.chunk_bwd_dv_helion::chunk_bwd_dv_helion#14:B2_T16384_H16_D128,helion.linear_attention_engine.chunk_bwd_dv_helion,chunk_bwd_dv_helion#14:B2_T16384_H16_D128,"[{""arg"":0,""dtype"":""torch.bfloat16"",""shape"":[8192,64,128],""stride"":[8192,128,1]},{""arg"":1,""dtype"":""torch.bfloat16"",""shape"":[8192,64,128],""stride"":[8192,128,1]},{""arg"":2,""dtype"":""torch.bfloat16"",""shape"":[8192,64,128],""stride"":[8192,128,1]},{""arg"":3,""dtype"":""torch.float32"",""shape"":[8192,64],""stride"":[64,1]},{""arg"":4,""dtype"":""torch.bfloat16"",""shape"":[8192,64,128],""stride"":[8192,128,1]},{""arg"":5,""dtype"":""torch.float32"",""shape"":[8192,128,128],""stride"":[16384,128,1]},{""arg"":6,""dtype"":""torch.float32"",""shape"":[8192],""stride"":[1]},{""arg"":7,""literal"":null},{""arg"":8,""literal"":true},{""arg"":9,""literal"":true},{""arg"":10,""literal"":false},{""arg"":11,""literal"":0.08838834764831843}]",default_config,,triton_b200_multi_matmul,1.0,3.2682257976693045,3.628427582298184,1.110213249306628,876.5119910240173,268.19199323654175,241.56799912452698
on::helion.linear_attention_engine.chunk_bwd_dv_helion::chunk_bwd_dv_helion#3:B8_T2048_H32_D256,helion.linear_attention_engine.chunk_bwd_dv_helion,chunk_bwd_dv_helion#3:B8_T2048_H32_D256,"[{""arg"":0,""dtype"":""torch.bfloat16"",""shape"":[8192,64,256],""stride"":[16384,256,1]},{""arg"":1,""dtype"":""torch.bfloat16"",""shape"":[8192,64,256],""stride"":[16384,256,1]},{""arg"":2,""dtype"":""torch.bfloat16"",""shape"":[8192,64,256],""stride"":[16384,256,1]},{""arg"":3,""literal"":null},{""arg"":4,""dtype"":""torch.bfloat16"",""shape"":[8192,64,256],""stride"":[16384,256,1]},{""arg"":5,""dtype"":""torch.float32"",""shape"":[8192,256,256],""stride"":[65536,256,1]},{""arg"":6,""literal"":null},{""arg"":7,""literal"":null},{""arg"":8,""literal"":false},{""arg"":9,""literal"":false},{""arg"":10,""literal"":false},{""arg"":11,""literal"":0.0625}]",default_config,,triton_b200_multi_matmul,1.0,3.561265015516256,5.775431958317148,1.6217360778133263,3974.1439819335938,1115.936040878296,688.1119906902313
on::helion.linear_attention_engine.chunk_bwd_dv_helion::chunk_bwd_dv_helion#10:B1_T8192_H96_D128,helion.linear_attention_engine.chunk_bwd_dv_helion,chunk_bwd_dv_helion#10:B1_T8192_H96_D128,"[{""arg"":0,""dtype"":""torch.bfloat16"",""shape"":[12288,64,128],""stride"":[8192,128,1]},{""arg"":1,""dtype"":""torch.bfloat16"",""shape"":[12288,64,128],""stride"":[8192,128,1]},{""arg"":2,""dtype"":""torch.bfloat16"",""shape"":[12288,64,128],""stride"":[8192,128,1]},{""arg"":3,""dtype"":""torch.float32"",""shape"":[12288,64,128],""stride"":[8192,128,1]},{""arg"":4,""dtype"":""torch.bfloat16"",""shape"":[12288,64,128],""stride"":[8192,128,1]},{""arg"":5,""dtype"":""torch.float32"",""shape"":[12288,128,128],""stride"":[16384,128,1]},{""arg"":6,""literal"":null},{""arg"":7,""dtype"":""torch.bfloat16"",""shape"":[12288,64,64],""stride"":[4096,64,1]},{""arg"":8,""literal"":true},{""arg"":9,""literal"":false},{""arg"":10,""literal"":true},{""arg"":11,""literal"":0.08838834764831843}]",default_config,,triton_b200_multi_matmul,1.0,4.475862796628978,4.476695405189431,1.0001860219131562,1539.8399829864502,344.0319895744324,343.968003988266
on::helion.linear_attention_engine.chunk_bwd_gram2_kda_helion::chunk_bwd_gram2_kda_helion#0:B8_T1024_H8_D64,helion.linear_attention_engine.chunk_bwd_gram2_kda_helion,chunk_bwd_gram2_kda_helion#0:B8_T1024_H8_D64,"[{""arg"":0,""dtype"":""torch.bfloat16"",""shape"":[1024,64,64],""stride"":[4096,64,1]},{""arg"":1,""dtype"":""torch.bfloat16"",""shape"":[1024,64,64],""stride"":[4096,64,1]},{""arg"":2,""dtype"":""torch.float32"",""shape"":[1024,64,64],""stride"":[4096,64,1]},{""arg"":3,""dtype"":""torch.float32"",""shape"":[1024,64,64],""stride"":[4096,64,1]},{""arg"":4,""dtype"":""torch.float32"",""shape"":[1024,64,64],""stride"":[4096,64,1]},{""arg"":5,""literal"":1.0}]",default_config,,triton_b200_multi_matmul,1.0,1.0500520925167953,1.1053786753329418,1.052689369613595,128.89599800109863,122.75200337171555,116.60800129175186
on::helion.linear_attention_engine.chunk_bwd_gram2_kda_helion::chunk_bwd_gram2_kda_helion#1:B4_T2048_H16_D128,helion.linear_attention_engine.chunk_bwd_gram2_kda_helion,chunk_bwd_gram2_kda_helion#1:B4_T2048_H16_D128,"[{""arg"":0,""dtype"":""torch.bfloat16"",""shape"":[2048,64,128],""stride"":[8192,128,1]},{""arg"":1,""dtype"":""torch.bfloat16"",""shape"":[2048,64,128],""stride"":[8192,128,1]},{""arg"":2,""dtype"":""torch.float32"",""shape"":[2048,64,128],""stride"":[8192,128,1]},{""arg"":3,""dtype"":""torch.float32"",""shape"":[2048,64,64],""stride"":[4096,64,1]},{""arg"":4,""dtype"":""torch.float32"",""shape"":[2048,64,64],""stride"":[4096,64,1]},{""arg"":5,""literal"":1.0}]",default_config,,triton_b200_multi_matmul,1.0,1.045858053185647,1.248465748766651,1.1937238949051145,488.24000358581543,466.8319970369339,391.07200503349304
on::helion.linear_attention_engine.chunk_bwd_gram2_kda_helion::chunk_bwd_gram2_kda_helion#2:B2_T16384_H16_D128,helion.linear_attention_engine.chunk_bwd_gram2_kda_helion,chunk_bwd_gram2_kda_helion#2:B2_T16384_H16_D128,"[{""arg"":0,""dtype"":""torch.bfloat16"",""shape"":[8192,64,128],""stride"":[8192,128,1]},{""arg"":1,""dtype"":""torch.bfloat16"",""shape"":[8192,64,128],""stride"":[8192,128,1]},{""arg"":2,""dtype"":""torch.float32"",""shape"":[8192,64,128],""stride"":[8192,128,1]},{""arg"":3,""dtype"":""torch.float32"",""shape"":[8192,64,64],""stride"":[4096,64,1]},{""arg"":4,""dtype"":""torch.float32"",""shape"":[8192,64,64],""stride"":[4096,64,1]},{""arg"":5,""literal"":1.0}]",default_config,,triton_b200_multi_matmul,1.0,1.055692092827412,1.2804912233832706,1.2129400533386485,1890.1280164718628,1790.4160022735596,1476.0960340499878
on::helion.linear_attention_engine.chunk_bwd_gram2_kda_helion::chunk_bwd_gram2_kda_helion#3:B8_T2048_H32_D256,helion.linear_attention_engine.chunk_bwd_gram2_kda_helion,chunk_bwd_gram2_kda_helion#3:B8_T2048_H32_D256,"[{""arg"":0,""dtype"":""torch.bfloat16"",""shape"":[8192,64,256],""stride"":[16384,256,1]},{""arg"":1,""dtype"":""torch.bfloat16"",""shape"":[8192,64,256],""stride"":[16384,256,1]},{""arg"":2,""dtype"":""torch.float32"",""shape"":[8192,64,256],""stride"":[16384,256,1]},{""arg"":3,""dtype"":""torch.float32"",""shape"":[8192,64,64],""stride"":[4096,64,1]},{""arg"":4,""dtype"":""torch.float32"",""shape"":[8192,64,64],""stride"":[4096,64,1]},{""arg"":5,""literal"":1.0}]",default_config,,triton_b200_multi_matmul,1.0,1.0788703190377689,1.3134170815585953,1.2174003291980593,3843.9199924468994,3562.9119873046875,2926.6560077667236
on::helion.linear_attention_engine.chunk_bwd_gram2_kda_helion::chunk_bwd_gram2_kda_helion#4:B1_T8192_H96_D128,helion.linear_attention_engine.chunk_bwd_gram2_kda_helion,chunk_bwd_gram2_kda_helion#4:B1_T8192_H96_D128,"[{""arg"":0,""dtype"":""torch.bfloat16"",""shape"":[12288,64,128],""stride"":[8192,128,1]},{""arg"":1,""dtype"":""torch.bfloat16"",""shape"":[12288,64,128],""stride"":[8192,128,1]},{""arg"":2,""dtype"":""torch.float32"",""shape"":[12288,64,128],""stride"":[8192,128,1]},{""arg"":3,""dtype"":""torch.float32"",""shape"":[12288,64,64],""stride"":[4096,64,1]},{""arg"":4,""dtype"":""torch.float32"",""shape"":[12288,64,64],""stride"":[4096,64,1]},{""arg"":5,""literal"":1.0}]",default_config,,triton_b200_multi_matmul,1.0,1.0937749822402731,1.2803300537577669,1.170560741054244,2805.6640625,2565.119981765747,2191.3599967956543
on::helion.linear_attention_engine.chunk_bwd_o_kda_helion::chunk_bwd_o_kda_helion#0:B8_T1024_H8_D64,helion.linear_attention_engine.chunk_bwd_o_kda_helion,chunk_bwd_o_kda_helion#0:B8_T1024_H8_D64,"[{""arg"":0,""dtype"":""torch.bfloat16"",""shape"":[1024,64,64],""stride"":[4096,64,1]},{""arg"":1,""dtype"":""torch.bfloat16"",""shape"":[1024,64,64],""stride"":[4096,64,1]},{""arg"":2,""dtype"":""torch.bfloat16"",""shape"":[1024,64,64],""stride"":[4096,64,1]},{""arg"":3,""dtype"":""torch.bfloat16"",""shape"":[1024,64,64],""stride"":[4096,64,1]},{""arg"":4,""dtype"":""torch.float32"",""shape"":[1024,64,64],""stride"":[4096,64,1]},{""arg"":5,""dtype"":""torch.bfloat16"",""shape"":[1024,64,64],""stride"":[4096,64,1]},{""arg"":6,""literal"":0.125}]",default_config,,triton_b200_multi_matmul,1.0,1.4562277557661214,1.6839505245444208,1.156378538917832,65.47199934720993,44.95999962091446,38.88000175356865
on::helion.linear_attention_engine.chunk_bwd_o_kda_helion::chunk_bwd_o_kda_helion#1:B4_T2048_H16_D128,helion.linear_attention_engine.chunk_bwd_o_kda_helion,chunk_bwd_o_kda_helion#1:B4_T2048_H16_D128,"[{""arg"":0,""dtype"":""torch.bfloat16"",""shape"":[2048,64,128],""stride"":[8192,128,1]},{""arg"":1,""dtype"":""torch.bfloat16"",""shape"":[2048,64,128],""stride"":[8192,128,1]},{""arg"":2,""dtype"":""torch.bfloat16"",""shape"":[2048,128,128],""stride"":[16384,128,1]},{""arg"":3,""dtype"":""torch.bfloat16"",""shape"":[2048,64,64],""stride"":[4096,64,1]},{""arg"":4,""dtype"":""torch.float32"",""shape"":[2048,64,128],""stride"":[8192,128,1]},{""arg"":5,""dtype"":""torch.bfloat16"",""shape"":[2048,64,128],""stride"":[8192,128,1]},{""arg"":6,""literal"":0.08838834764831843}]",default_config,,triton_b200_multi_matmul,1.0,2.024482120623288,2.1543086782003225,1.064128280637551,343.9999967813492,169.91999745368958,159.67999398708344
on::helion.linear_attention_engine.chunk_bwd_o_kda_helion::chunk_bwd_o_kda_helion#2:B2_T16384_H16_D128,helion.linear_attention_engine.chunk_bwd_o_kda_helion,chunk_bwd_o_kda_helion#2:B2_T16384_H16_D128,"[{""arg"":0,""dtype"":""torch.bfloat16"",""shape"":[8192,64,128],""stride"":[8192,128,1]},{""arg"":1,""dtype"":""torch.bfloat16"",""shape"":[8192,64,128],""stride"":[8192,128,1]},{""arg"":2,""dtype"":""torch.bfloat16"",""shape"":[8192,128,128],""stride"":[16384,128,1]},{""arg"":3,""dtype"":""torch.bfloat16"",""shape"":[8192,64,64],""stride"":[4096,64,1]},{""arg"":4,""dtype"":""torch.float32"",""shape"":[8192,64,128],""stride"":[8192,128,1]},{""arg"":5,""dtype"":""torch.bfloat16"",""shape"":[8192,64,128],""stride"":[8192,128,1]},{""arg"":6,""literal"":0.08838834764831843}]",default_config,,triton_b200_multi_matmul,1.0,1.8969799789636423,2.0524532784113187,1.081958323847263,1202.0479440689087,633.6640119552612,585.6639742851257
on::helion.linear_attention_engine.chunk_bwd_o_kda_helion::chunk_bwd_o_kda_helion#3:B8_T2048_H32_D256,helion.linear_attention_engine.chunk_bwd_o_kda_helion,chunk_bwd_o_kda_helion#3:B8_T2048_H32_D256,"[{""arg"":0,""dtype"":""torch.bfloat16"",""shape"":[8192,64,256],""stride"":[16384,256,1]},{""arg"":1,""dtype"":""torch.bfloat16"",""shape"":[8192,64,256],""stride"":[16384,256,1]},{""arg"":2,""dtype"":""torch.bfloat16"",""shape"":[8192,256,256],""stride"":[65536,256,1]},{""arg"":3,""dtype"":""torch.bfloat16"",""shape"":[8192,64,64],""stride"":[4096,64,1]},{""arg"":4,""dtype"":""torch.float32"",""shape"":[8192,64,256],""stride"":[16384,256,1]},{""arg"":5,""dtype"":""torch.bfloat16"",""shape"":[8192,64,256],""stride"":[16384,256,1]},{""arg"":6,""literal"":0.0625}]",default_config,,triton_b200_multi_matmul,1.0,1.7953417182014486,2.2279101748226173,1.2409393444355041,4084.7039222717285,2275.167942047119,1833.4239721298218
on::helion.linear_attention_engine.chunk_bwd_o_kda_helion::chunk_bwd_o_kda_helion#4:B1_T8192_H96_D128,helion.linear_attention_engine.chunk_bwd_o_kda_helion,chunk_bwd_o_kda_helion#4:B1_T8192_H96_D128,"[{""arg"":0,""dtype"":""torch.bfloat16"",""shape"":[12288,64,128],""stride"":[8192,128,1]},{""arg"":1,""dtype"":""torch.bfloat16"",""shape"":[12288,64,128],""stride"":[8192,128,1]},{""arg"":2,""dtype"":""torch.bfloat16"",""shape"":[12288,128,128],""stride"":[16384,128,1]},{""arg"":3,""dtype"":""torch.bfloat16"",""shape"":[12288,64,64],""stride"":[4096,64,1]},{""arg"":4,""dtype"":""torch.float32"",""shape"":[12288,64,128],""stride"":[8192,128,1]},{""arg"":5,""dtype"":""torch.bfloat16"",""shape"":[12288,64,128],""stride"":[8192,128,1]},{""arg"":6,""literal"":0.08838834764831843}]",default_config,,triton_b200_multi_matmul,1.0,1.9179061135004771,2.0312143730875816,1.059079148238544,1794.975996017456,935.9039962291718,883.6959898471832
on::helion.linear_attention_engine.chunk_bwd_state_du_kda_helion::chunk_bwd_state_du_kda_helion#1:B8_T1024_H8_D64,helion.linear_attention_engine.chunk_bwd_state_du_kda_helion,chunk_bwd_state_du_kda_helion#1:B8_T1024_H8_D64,"[{""arg"":0,""dtype"":""torch.bfloat16"",""shape"":[64,16,64,64],""stride"":[65536,4096,64,1]},{""arg"":1,""dtype"":""torch.bfloat16"",""shape"":[64,16,64,64],""stride"":[65536,4096,64,1]},{""arg"":2,""dtype"":""torch.float32"",""shape"":[64,16,64,64],""stride"":[65536,4096,64,1]},{""arg"":3,""dtype"":""torch.float32"",""shape"":[64,16,64,64],""stride"":[65536,4096,64,1]},{""arg"":4,""dtype"":""torch.float32"",""shape"":[64,16,64,64],""stride"":[65536,4096,64,1]},{""arg"":5,""dtype"":""torch.float32"",""shape"":[64,64,64],""stride"":[4096,64,1]}]",default_config,,triton_b200_multi_matmul,1.0,1.1933734994257428,1.240450772940852,1.039448901402422,63.391998410224915,53.119998425245285,51.10400170087814
on::helion.linear_attention_engine.chunk_bwd_state_du_kda_helion::chunk_bwd_state_du_kda_helion#2:B4_T2048_H16_D128,helion.linear_attention_engine.chunk_bwd_state_du_kda_helion,chunk_bwd_state_du_kda_helion#2:B4_T2048_H16_D128,"[{""arg"":0,""dtype"":""torch.bfloat16"",""shape"":[64,32,64,128],""stride"":[262144,8192,128,1]},{""arg"":1,""dtype"":""torch.bfloat16"",""shape"":[64,32,64,128],""stride"":[262144,8192,128,1]},{""arg"":2,""dtype"":""torch.float32"",""shape"":[64,32,64,128],""stride"":[262144,8192,128,1]},{""arg"":3,""dtype"":""torch.float32"",""shape"":[64,32,64,128],""stride"":[262144,8192,128,1]},{""arg"":4,""dtype"":""torch.float32"",""shape"":[64,32,128,128],""stride"":[524288,16384,128,1]},{""arg"":5,""dtype"":""torch.float32"",""shape"":[64,128,128],""stride"":[16384,128,1]}]",default_config,,triton_b200_multi_matmul,1.0,0.9073328032074119,1.0001776941699685,1.102327272456535,180.16000092029572,198.55999946594238,180.12799322605133
on::helion.linear_attention_engine.chunk_bwd_state_du_kda_helion::chunk_bwd_state_du_kda_helion#0:B2_T16384_H16_D128,helion.linear_attention_engine.chunk_bwd_state_du_kda_helion,chunk_bwd_state_du_kda_helion#0:B2_T16384_H16_D128,"[{""arg"":0,""dtype"":""torch.bfloat16"",""shape"":[32,256,64,128],""stride"":[2097152,8192,128,1]},{""arg"":1,""dtype"":""torch.bfloat16"",""shape"":[32,256,64,128],""stride"":[2097152,8192,128,1]},{""arg"":2,""dtype"":""torch.float32"",""shape"":[32,256,64,128],""stride"":[2097152,8192,128,1]},{""arg"":3,""dtype"":""torch.float32"",""shape"":[32,256,64,128],""stride"":[2097152,8192,128,1]},{""arg"":4,""dtype"":""torch.float32"",""shape"":[32,256,128,128],""stride"":[4194304,16384,128,1]},{""arg"":5,""dtype"":""torch.float32"",""shape"":[32,128,128],""stride"":[16384,128,1]}]",default_config,,triton_b200_multi_matmul,1.0,0.9091776205157153,1.1107715473785886,1.2217321701655202,1128.2240152359009,1240.928053855896,1015.7120227813721
on::helion.linear_attention_engine.chunk_bwd_state_du_kda_helion::chunk_bwd_state_du_kda_helion#4:B8_T2048_H32_D256,helion.linear_attention_engine.chunk_bwd_state_du_kda_helion,chunk_bwd_state_du_kda_helion#4:B8_T2048_H32_D256,"[{""arg"":0,""dtype"":""torch.bfloat16"",""shape"":[256,32,64,256],""stride"":[524288,16384,256,1]},{""arg"":1,""dtype"":""torch.bfloat16"",""shape"":[256,32,64,256],""stride"":[524288,16384,256,1]},{""arg"":2,""dtype"":""torch.float32"",""shape"":[256,32,64,256],""stride"":[524288,16384,256,1]},{""arg"":3,""dtype"":""torch.float32"",""shape"":[256,32,64,256],""stride"":[524288,16384,256,1]},{""arg"":4,""dtype"":""torch.float32"",""shape"":[256,32,256,256],""stride"":[2097152,65536,256,1]},{""arg"":5,""dtype"":""torch.float32"",""shape"":[256,256,256],""stride"":[65536,256,1]}]",default_config,,triton_b200_multi_matmul,1.0,1.2669576883994598,2.1382442427553436,1.6876998042898932,3788.831949234009,2990.496039390564,1771.9359993934631
on::helion.linear_attention_engine.chunk_bwd_state_du_kda_helion::chunk_bwd_state_du_kda_helion#3:B1_T8192_H96_D128,helion.linear_attention_engine.chunk_bwd_state_du_kda_helion,chunk_bwd_state_du_kda_helion#3:B1_T8192_H96_D128,"[{""arg"":0,""dtype"":""torch.bfloat16"",""shape"":[96,128,64,128],""stride"":[1048576,8192,128,1]},{""arg"":1,""dtype"":""torch.bfloat16"",""shape"":[96,128,64,128],""stride"":[1048576,8192,128,1]},{""arg"":2,""dtype"":""torch.float32"",""shape"":[96,128,64,128],""stride"":[1048576,8192,128,1]},{""arg"":3,""dtype"":""torch.float32"",""shape"":[96,128,64,128],""stride"":[1048576,8192,128,1]},{""arg"":4,""dtype"":""torch.float32"",""shape"":[96,128,128,128],""stride"":[2097152,16384,128,1]},{""arg"":5,""dtype"":""torch.float32"",""shape"":[96,128,128],""stride"":[16384,128,1]}]",default_config,,triton_b200_multi_matmul,1.0,0.886897838867586,1.5276466564887368,1.7224606820998405,1366.8160438537598,1541.1200523376465,894.7200179100037
on::helion.linear_attention_engine.chunk_bwd_state_dwk_kda_helion::chunk_bwd_state_dwk_kda_helion#1:B8_T1024_H8_D64,helion.linear_attention_engine.chunk_bwd_state_dwk_kda_helion,chunk_bwd_state_dwk_kda_helion#1:B8_T1024_H8_D64,"[{""arg"":0,""dtype"":""torch.bfloat16"",""shape"":[64,16,64,64],""stride"":[65536,4096,64,1]},{""arg"":1,""dtype"":""torch.float32"",""shape"":[64,16,64,64],""stride"":[65536,4096,64,1]},{""arg"":2,""dtype"":""torch.bfloat16"",""shape"":[64,16,64,64],""stride"":[65536,4096,64,1]},{""arg"":3,""dtype"":""torch.bfloat16"",""shape"":[64,16,64,64],""stride"":[65536,4096,64,1]},{""arg"":4,""dtype"":""torch.float32"",""shape"":[64,16,64,64],""stride"":[65536,4096,64,1]},{""arg"":5,""dtype"":""torch.float32"",""shape"":[64,16,64,64],""stride"":[65536,4096,64,1]}]",default_config,,triton_b200_multi_matmul,1.0,1.3818046753991762,1.6141115041761969,1.1681184272371288,59.29600074887276,42.91199892759323,36.73600032925606
on::helion.linear_attention_engine.chunk_bwd_state_dwk_kda_helion::chunk_bwd_state_dwk_kda_helion#2:B4_T2048_H16_D128,helion.linear_attention_engine.chunk_bwd_state_dwk_kda_helion,chunk_bwd_state_dwk_kda_helion#2:B4_T2048_H16_D128,"[{""arg"":0,""dtype"":""torch.bfloat16"",""shape"":[64,32,64,128],""stride"":[262144,8192,128,1]},{""arg"":1,""dtype"":""torch.float32"",""shape"":[64,32,64,128],""stride"":[262144,8192,128,1]},{""arg"":2,""dtype"":""torch.bfloat16"",""shape"":[64,32,128,128],""stride"":[524288,16384,128,1]},{""arg"":3,""dtype"":""torch.bfloat16"",""shape"":[64,32,64,128],""stride"":[262144,8192,128,1]},{""arg"":4,""dtype"":""torch.float32"",""shape"":[64,32,64,128],""stride"":[262144,8192,128,1]},{""arg"":5,""dtype"":""torch.float32"",""shape"":[64,32,128,128],""stride"":[524288,16384,128,1]}]",default_config,,triton_b200_multi_matmul,1.0,1.4060952643312234,1.7124822536549804,1.2178991687803478,290.8479869365692,206.84799551963806,169.8400005698204
on::helion.linear_attention_engine.chunk_bwd_state_dwk_kda_helion::chunk_bwd_state_dwk_kda_helion#0:B2_T16384_H16_D128,helion.linear_attention_engine.chunk_bwd_state_dwk_kda_helion,chunk_bwd_state_dwk_kda_helion#0:B2_T16384_H16_D128,"[{""arg"":0,""dtype"":""torch.bfloat16"",""shape"":[32,256,64,128],""stride"":[2097152,8192,128,1]},{""arg"":1,""dtype"":""torch.float32"",""shape"":[32,256,64,128],""stride"":[2097152,8192,128,1]},{""arg"":2,""dtype"":""torch.bfloat16"",""shape"":[32,256,128,128],""stride"":[4194304,16384,128,1]},{""arg"":3,""dtype"":""torch.bfloat16"",""shape"":[32,256,64,128],""stride"":[2097152,8192,128,1]},{""arg"":4,""dtype"":""torch.float32"",""shape"":[32,256,64,128],""stride"":[2097152,8192,128,1]},{""arg"":5,""dtype"":""torch.float32"",""shape"":[32,256,128,128],""stride"":[4194304,16384,128,1]}]",default_config,,triton_b200_multi_matmul,1.0,1.4119504455712524,1.758106472765651,1.2451615977601462,1101.7279624938965,780.2879810333252,626.6559958457947
on::helion.linear_attention_engine.chunk_bwd_state_dwk_kda_helion::chunk_bwd_state_dwk_kda_helion#4:B8_T2048_H32_D256,helion.linear_attention_engine.chunk_bwd_state_dwk_kda_helion,chunk_bwd_state_dwk_kda_helion#4:B8_T2048_H32_D256,"[{""arg"":0,""dtype"":""torch.bfloat16"",""shape"":[256,32,64,256],""stride"":[524288,16384,256,1]},{""arg"":1,""dtype"":""torch.float32"",""shape"":[256,32,64,256],""stride"":[524288,16384,256,1]},{""arg"":2,""dtype"":""torch.bfloat16"",""shape"":[256,32,256,256],""stride"":[2097152,65536,256,1]},{""arg"":3,""dtype"":""torch.bfloat16"",""shape"":[256,32,64,256],""stride"":[524288,16384,256,1]},{""arg"":4,""dtype"":""torch.float32"",""shape"":[256,32,64,256],""stride"":[524288,16384,256,1]},{""arg"":5,""dtype"":""torch.float32"",""shape"":[256,32,256,256],""stride"":[2097152,65536,256,1]}]",default_config,,triton_b200_multi_matmul,1.0,1.982566050517047,2.57650946714216,1.2995831672141334,3857.343912124634,1945.631980895996,1497.1200227737427
on::helion.linear_attention_engine.chunk_bwd_state_dwk_kda_helion::chunk_bwd_state_dwk_kda_helion#3:B1_T8192_H96_D128,helion.linear_attention_engine.chunk_bwd_state_dwk_kda_helion,chunk_bwd_state_dwk_kda_helion#3:B1_T8192_H96_D128,"[{""arg"":0,""dtype"":""torch.bfloat16"",""shape"":[96,128,64,128],""stride"":[1048576,8192,128,1]},{""arg"":1,""dtype"":""torch.float32"",""shape"":[96,128,64,128],""stride"":[1048576,8192,128,1]},{""arg"":2,""dtype"":""torch.bfloat16"",""shape"":[96,128,128,128],""stride"":[2097152,16384,128,1]},{""arg"":3,""dtype"":""torch.bfloat16"",""shape"":[96,128,64,128],""stride"":[1048576,8192,128,1]},{""arg"":4,""dtype"":""torch.float32"",""shape"":[96,128,64,128],""stride"":[1048576,8192,128,1]},{""arg"":5,""dtype"":""torch.float32"",""shape"":[96,128,128,128],""stride"":[2097152,16384,128,1]}]",default_config,,triton_b200_multi_matmul,1.0,1.4120494845622846,1.7716109992016775,1.2546380410675566,1642.4959897994995,1163.2000207901,927.1200001239777
on::helion.linear_attention_engine.chunk_bwd_wu_kda_helion::chunk_bwd_wu_kda_helion#0:B8_T1024_H8_D64,helion.linear_attention_engine.chunk_bwd_wu_kda_helion,chunk_bwd_wu_kda_helion#0:B8_T1024_H8_D64,"[{""arg"":0,""dtype"":""torch.float32"",""shape"":[1024,64,64],""stride"":[4096,64,1]},{""arg"":1,""dtype"":""torch.bfloat16"",""shape"":[1024,64,64],""stride"":[4096,64,1]},{""arg"":2,""dtype"":""torch.bfloat16"",""shape"":[1024,64,64],""stride"":[4096,64,1]},{""arg"":3,""dtype"":""torch.bfloat16"",""shape"":[1024,64],""stride"":[64,1]},{""arg"":4,""dtype"":""torch.float32"",""shape"":[1024,64,64],""stride"":[4096,64,1]},{""arg"":5,""dtype"":""torch.bfloat16"",""shape"":[1024,64,64],""stride"":[4096,64,1]},{""arg"":6,""dtype"":""torch.float32"",""shape"":[1024,64,64],""stride"":[4096,64,1]},{""arg"":7,""dtype"":""torch.float32"",""shape"":[1024,64,64],""stride"":[4096,64,1]}]",default_config,,triton_b200_multi_matmul,1.0,1.1265266786156825,1.1652350542487182,1.0343608157425992,73.79200309515,65.50399959087372,63.32799792289734
on::helion.linear_attention_engine.chunk_bwd_wu_kda_helion::chunk_bwd_wu_kda_helion#1:B4_T2048_H16_D128,helion.linear_attention_engine.chunk_bwd_wu_kda_helion,chunk_bwd_wu_kda_helion#1:B4_T2048_H16_D128,"[{""arg"":0,""dtype"":""torch.float32"",""shape"":[2048,64,64],""stride"":[4096,64,1]},{""arg"":1,""dtype"":""torch.bfloat16"",""shape"":[2048,64,128],""stride"":[8192,128,1]},{""arg"":2,""dtype"":""torch.bfloat16"",""shape"":[2048,64,128],""stride"":[8192,128,1]},{""arg"":3,""dtype"":""torch.bfloat16"",""shape"":[2048,64],""stride"":[64,1]},{""arg"":4,""dtype"":""torch.float32"",""shape"":[2048,64,128],""stride"":[8192,128,1]},{""arg"":5,""dtype"":""torch.bfloat16"",""shape"":[2048,64,64],""stride"":[4096,64,1]},{""arg"":6,""dtype"":""torch.float32"",""shape"":[2048,64,128],""stride"":[8192,128,1]},{""arg"":7,""dtype"":""torch.float32"",""shape"":[2048,64,128],""stride"":[8192,128,1]}]",default_config,,triton_b200_multi_matmul,1.0,1.229864455643117,1.2451818449669634,1.0124545345249747,219.15200352668762,178.19199711084366,175.99999904632568
on::helion.linear_attention_engine.chunk_bwd_wu_kda_helion::chunk_bwd_wu_kda_helion#2:B2_T16384_H16_D128,helion.linear_attention_engine.chunk_bwd_wu_kda_helion,chunk_bwd_wu_kda_helion#2:B2_T16384_H16_D128,"[{""arg"":0,""dtype"":""torch.float32"",""shape"":[8192,64,64],""stride"":[4096,64,1]},{""arg"":1,""dtype"":""torch.bfloat16"",""shape"":[8192,64,128],""stride"":[8192,128,1]},{""arg"":2,""dtype"":""torch.bfloat16"",""shape"":[8192,64,128],""stride"":[8192,128,1]},{""arg"":3,""dtype"":""torch.bfloat16"",""shape"":[8192,64],""stride"":[64,1]},{""arg"":4,""dtype"":""torch.float32"",""shape"":[8192,64,128],""stride"":[8192,128,1]},{""arg"":5,""dtype"":""torch.bfloat16"",""shape"":[8192,64,64],""stride"":[4096,64,1]},{""arg"":6,""dtype"":""torch.float32"",""shape"":[8192,64,128],""stride"":[8192,128,1]},{""arg"":7,""dtype"":""torch.float32"",""shape"":[8192,64,128],""stride"":[8192,128,1]}]",default_config,,triton_b200_multi_matmul,1.0,1.2489569516703196,1.3397471907731102,1.072692849006021,847.791999578476,678.8000166416168,632.7999830245972
on::helion.linear_attention_engine.chunk_bwd_wu_kda_helion::chunk_bwd_wu_kda_helion#3:B8_T2048_H32_D256,helion.linear_attention_engine.chunk_bwd_wu_kda_helion,chunk_bwd_wu_kda_helion#3:B8_T2048_H32_D256,"[{""arg"":0,""dtype"":""torch.float32"",""shape"":[8192,64,64],""stride"":[4096,64,1]},{""arg"":1,""dtype"":""torch.bfloat16"",""shape"":[8192,64,256],""stride"":[16384,256,1]},{""arg"":2,""dtype"":""torch.bfloat16"",""shape"":[8192,64,256],""stride"":[16384,256,1]},{""arg"":3,""dtype"":""torch.bfloat16"",""shape"":[8192,64],""stride"":[64,1]},{""arg"":4,""dtype"":""torch.float32"",""shape"":[8192,64,256],""stride"":[16384,256,1]},{""arg"":5,""dtype"":""torch.bfloat16"",""shape"":[8192,64,64],""stride"":[4096,64,1]},{""arg"":6,""dtype"":""torch.float32"",""shape"":[8192,64,256],""stride"":[16384,256,1]},{""arg"":7,""dtype"":""torch.float32"",""shape"":[8192,64,256],""stride"":[16384,256,1]}]",default_config,,triton_b200_multi_matmul,1.0,1.3775589346331445,1.5125332145161632,1.097980766186939,1589.1520380973816,1153.600037097931,1050.6559610366821
on::helion.linear_attention_engine.chunk_bwd_wu_kda_helion::chunk_bwd_wu_kda_helion#4:B1_T8192_H96_D128,helion.linear_attention_engine.chunk_bwd_wu_kda_helion,chunk_bwd_wu_kda_helion#4:B1_T8192_H96_D128,"[{""arg"":0,""dtype"":""torch.float32"",""shape"":[12288,64,64],""stride"":[4096,64,1]},{""arg"":1,""dtype"":""torch.bfloat16"",""shape"":[12288,64,128],""stride"":[8192,128,1]},{""arg"":2,""dtype"":""torch.bfloat16"",""shape"":[12288,64,128],""stride"":[8192,128,1]},{""arg"":3,""dtype"":""torch.bfloat16"",""shape"":[12288,64],""stride"":[64,1]},{""arg"":4,""dtype"":""torch.float32"",""shape"":[12288,64,128],""stride"":[8192,128,1]},{""arg"":5,""dtype"":""torch.bfloat16"",""shape"":[12288,64,64],""stride"":[4096,64,1]},{""arg"":6,""dtype"":""torch.float32"",""shape"":[12288,64,128],""stride"":[8192,128,1]},{""arg"":7,""dtype"":""torch.float32"",""shape"":[12288,64,128],""stride"":[8192,128,1]}]",default_config,,triton_b200_multi_matmul,1.0,1.2514579699305914,1.3469391437957796,1.0762959493321886,1263.4720206260681,1009.600043296814,938.0320012569427
on::helion.linear_attention_engine.chunk_bwd_wy_dL_delta_helion::chunk_bwd_wy_dL_delta_helion#0:B8_T1024_H8_D64,helion.linear_attention_engine.chunk_bwd_wy_dL_delta_helion,chunk_bwd_wy_dL_delta_helion#0:B8_T1024_H8_D64,"[{""arg"":0,""dtype"":""torch.bfloat16"",""shape"":[1024,64,64],""stride"":[4096,64,1]},{""arg"":1,""dtype"":""torch.bfloat16"",""shape"":[1024,64,64],""stride"":[4096,64,1]},{""arg"":2,""dtype"":""torch.bfloat16"",""shape"":[1024,64],""stride"":[64,1]},{""arg"":3,""dtype"":""torch.float32"",""shape"":[1024,64,64],""stride"":[4096,64,1]},{""arg"":4,""dtype"":""torch.float32"",""shape"":[1024,64,64],""stride"":[4096,64,1]},{""arg"":5,""dtype"":""torch.bfloat16"",""shape"":[1024,64,64],""stride"":[4096,64,1]},{""arg"":6,""literal"":null},{""arg"":7,""literal"":false}]",default_config,,triton_b200_multi_matmul,1.0,0.9979633246697575,1.2782608563612115,1.2808695718193943,47.040000557899475,47.13600128889084,36.80000081658363
on::helion.linear_attention_engine.chunk_bwd_wy_dL_delta_helion::chunk_bwd_wy_dL_delta_helion#7:B4_T2048_H16_D128,helion.linear_attention_engine.chunk_bwd_wy_dL_delta_helion,chunk_bwd_wy_dL_delta_helion#7:B4_T2048_H16_D128,"[{""arg"":0,""dtype"":""torch.bfloat16"",""shape"":[2048,64,128],""stride"":[8192,128,1]},{""arg"":1,""dtype"":""torch.bfloat16"",""shape"":[2048,64,128],""stride"":[8192,128,1]},{""arg"":2,""dtype"":""torch.bfloat16"",""shape"":[2048,64],""stride"":[64,1]},{""arg"":3,""dtype"":""torch.float32"",""shape"":[2048,64,64],""stride"":[4096,64,1]},{""arg"":4,""dtype"":""torch.float32"",""shape"":[2048,64,128],""stride"":[8192,128,1]},{""arg"":5,""dtype"":""torch.bfloat16"",""shape"":[2048,64,128],""stride"":[8192,128,1]},{""arg"":6,""dtype"":""torch.float32"",""shape"":[2048,64],""stride"":[64,1]},{""arg"":7,""literal"":true}]",default_config,,triton_b200_multi_matmul,1.0,0.9885518049727756,1.4213991863128033,1.437860089033926,165.79200327396393,167.71200299263,116.64000153541565
on::helion.linear_attention_engine.chunk_bwd_wy_dL_delta_helion::chunk_bwd_wy_dL_delta_helion#2:B2_T16384_H16_D128,helion.linear_attention_engine.chunk_bwd_wy_dL_delta_helion,chunk_bwd_wy_dL_delta_helion#2:B2_T16384_H16_D128,"[{""arg"":0,""dtype"":""torch.bfloat16"",""shape"":[8192,64,128],""stride"":[8192,128,1]},{""arg"":1,""dtype"":""torch.bfloat16"",""shape"":[8192,64,128],""stride"":[8192,128,1]},{""arg"":2,""dtype"":""torch.bfloat16"",""shape"":[8192,64],""stride"":[64,1]},{""arg"":3,""dtype"":""torch.float32"",""shape"":[8192,64,64],""stride"":[4096,64,1]},{""arg"":4,""dtype"":""torch.float32"",""shape"":[8192,64,128],""stride"":[8192,128,1]},{""arg"":5,""dtype"":""torch.bfloat16"",""shape"":[8192,64,128],""stride"":[8192,128,1]},{""arg"":6,""literal"":null},{""arg"":7,""literal"":false}]",default_config,,triton_b200_multi_matmul,1.0,0.9868342234021136,1.4143714442458368,1.4332411773983553,474.91198778152466,481.24799132347107,335.7760012149811
on::helion.linear_attention_engine.chunk_bwd_wy_dL_delta_helion::chunk_bwd_wy_dL_delta_helion#9:B8_T2048_H32_D256,helion.linear_attention_engine.chunk_bwd_wy_dL_delta_helion,chunk_bwd_wy_dL_delta_helion#9:B8_T2048_H32_D256,"[{""arg"":0,""dtype"":""torch.bfloat16"",""shape"":[8192,64,256],""stride"":[16384,256,1]},{""arg"":1,""dtype"":""torch.bfloat16"",""shape"":[8192,64,256],""stride"":[16384,256,1]},{""arg"":2,""dtype"":""torch.bfloat16"",""shape"":[8192,64],""stride"":[64,1]},{""arg"":3,""dtype"":""torch.float32"",""shape"":[8192,64,64],""stride"":[4096,64,1]},{""arg"":4,""dtype"":""torch.float32"",""shape"":[8192,64,256],""stride"":[16384,256,1]},{""arg"":5,""dtype"":""torch.bfloat16"",""shape"":[8192,64,256],""stride"":[16384,256,1]},{""arg"":6,""dtype"":""torch.float32"",""shape"":[8192,64],""stride"":[64,1]},{""arg"":7,""literal"":true}]",default_config,,triton_b200_multi_matmul,1.0,1.5523581569608325,1.5608194758772393,1.0054506228981155,1099.6160507202148,708.3520293235779,704.5120000839233
on::helion.linear_attention_engine.chunk_bwd_wy_dL_delta_helion::chunk_bwd_wy_dL_delta_helion#4:B1_T8192_H96_D128,helion.linear_attention_engine.chunk_bwd_wy_dL_delta_helion,chunk_bwd_wy_dL_delta_helion#4:B1_T8192_H96_D128,"[{""arg"":0,""dtype"":""torch.bfloat16"",""shape"":[12288,64,128],""stride"":[8192,128,1]},{""arg"":1,""dtype"":""torch.bfloat16"",""shape"":[12288,64,128],""stride"":[8192,128,1]},{""arg"":2,""dtype"":""torch.bfloat16"",""shape"":[12288,64],""stride"":[64,1]},{""arg"":3,""dtype"":""torch.float32"",""shape"":[12288,64,64],""stride"":[4096,64,1]},{""arg"":4,""dtype"":""torch.float32"",""shape"":[12288,64,128],""stride"":[8192,128,1]},{""arg"":5,""dtype"":""torch.bfloat16"",""shape"":[12288,64,128],""stride"":[8192,128,1]},{""arg"":6,""literal"":null},{""arg"":7,""literal"":false}]",default_config,,triton_b200_multi_matmul,1.0,0.9655125833313956,1.3939963024851652,1.4437888501414797,688.0319714546204,712.6079797744751,493.5680031776428
on::helion.linear_attention_engine.chunk_cumsum_gc_helion::chunk_cumsum_gc_helion#0:B8_T1024_H8_D64,helion.linear_attention_engine.chunk_cumsum_gc_helion,chunk_cumsum_gc_helion#0:B8_T1024_H8_D64,"[{""arg"":0,""dtype"":""torch.bfloat16"",""shape"":[1024,64,64],""stride"":[4096,64,1]}]",default_config,,triton_b200_formula_matmul,1.0,1.2876404079925263,1.2876404079925263,1.0,18.33599992096424,14.240000396966934,14.240000396966934
on::helion.linear_attention_engine.chunk_cumsum_gc_helion::chunk_cumsum_gc_helion#7:B4_T2048_H16_D128,helion.linear_attention_engine.chunk_cumsum_gc_helion,chunk_cumsum_gc_helion#7:B4_T2048_H16_D128,"[{""arg"":0,""dtype"":""torch.bfloat16"",""shape"":[2048,64,128],""stride"":[8192,128,1]},{""arg"":1,""literal"":null},{""arg"":2,""literal"":null},{""arg"":3,""literal"":null},{""arg"":4,""literal"":16},{""arg"":5,""literal"":32},{""arg"":6,""literal"":false},{""arg"":7,""literal"":false},{""arg"":8,""literal"":false}]",default_config,,triton_b200_formula_matmul,1.0,1.7364016158105644,1.7364016158105644,1.0,53.119998425245285,30.592000111937523,30.592000111937523
on::helion.linear_attention_engine.chunk_cumsum_gc_helion::chunk_cumsum_gc_helion#14:B2_T16384_H16_D128,helion.linear_attention_engine.chunk_cumsum_gc_helion,chunk_cumsum_gc_helion#14:B2_T16384_H16_D128,"[{""arg"":0,""dtype"":""torch.bfloat16"",""shape"":[8192,64,128],""stride"":[8192,128,1]},{""arg"":1,""dtype"":""torch.float32"",""shape"":[16],""stride"":[1]},{""arg"":2,""dtype"":""torch.float32"",""shape"":[16,128],""stride"":[128,1]},{""arg"":3,""literal"":-5.0},{""arg"":4,""literal"":16},{""arg"":5,""literal"":256},{""arg"":6,""literal"":true},{""arg"":7,""literal"":true},{""arg"":8,""literal"":true}]",default_config,,triton_b200_formula_matmul,1.0,1.3586455834345874,1.7382723273461658,1.2794155801485043,216.99200570583344,159.71200168132782,124.83199685811996
on::helion.linear_attention_engine.chunk_cumsum_gc_helion::chunk_cumsum_gc_helion#3:B8_T2048_H32_D256,helion.linear_attention_engine.chunk_cumsum_gc_helion,chunk_cumsum_gc_helion#3:B8_T2048_H32_D256,"[{""arg"":0,""dtype"":""torch.bfloat16"",""shape"":[8192,64,256],""stride"":[16384,256,1]}]",default_config,,triton_b200_formula_matmul,1.0,2.2509774245289185,2.2790421551095337,1.012467797444254,368.51200461387634,163.71199488639832,161.69600188732147
on::helion.linear_attention_engine.chunk_cumsum_gc_helion::chunk_cumsum_gc_helion#10:B1_T8192_H96_D128,helion.linear_attention_engine.chunk_cumsum_gc_helion,chunk_cumsum_gc_helion#10:B1_T8192_H96_D128,"[{""arg"":0,""dtype"":""torch.bfloat16"",""shape"":[12288,64,128],""stride"":[8192,128,1]},{""arg"":1,""literal"":null},{""arg"":2,""literal"":null},{""arg"":3,""literal"":null},{""arg"":4,""literal"":96},{""arg"":5,""literal"":128},{""arg"":6,""literal"":false},{""arg"":7,""literal"":false},{""arg"":8,""literal"":false}]",default_config,,triton_b200_formula_matmul,1.0,2.268308516067256,2.2677176359936047,0.9997395063019577,278.51200103759766,122.78400361537933,122.81599640846252
on::helion.linear_attention_engine.chunk_cumsum_gc_varlen_helion::chunk_cumsum_gc_varlen_helion#0:fixed_T8192_H64_D128,helion.linear_attention_engine.chunk_cumsum_gc_varlen_helion,chunk_cumsum_gc_varlen_helion#0:fixed_T8192_H64_D128,"[{""arg"":0,""dtype"":""torch.bfloat16"",""shape"":[8192,64,128],""stride"":[8192,128,1]},{""arg"":1,""dtype"":""torch.int64"",""shape"":[128],""stride"":[1]},{""arg"":2,""dtype"":""torch.int64"",""shape"":[128],""stride"":[1]},{""arg"":3,""dtype"":""torch.float32"",""shape"":[8192,64,128],""stride"":[8192,128,1]},{""arg"":4,""dtype"":""torch.float32"",""shape"":[64],""stride"":[1]},{""arg"":5,""dtype"":""torch.float32"",""shape"":[64,128],""stride"":[128,1]},{""arg"":6,""literal"":-5.0},{""arg"":7,""literal"":true},{""arg"":8,""literal"":true},{""arg"":9,""literal"":true}]",default_config,,triton_b200_formula_matmul,1.0,2.3312898970238045,2.7011805417677595,1.1586635129402691,432.0160001516342,185.31200289726257,159.93599593639374
on::helion.linear_attention_engine.chunk_cumsum_gc_varlen_helion::chunk_cumsum_gc_varlen_helion#0:uniform_T8192_H64_D128,helion.linear_attention_engine.chunk_cumsum_gc_varlen_helion,chunk_cumsum_gc_varlen_helion#0:uniform_T8192_H64_D128,"[{""arg"":0,""dtype"":""torch.bfloat16"",""shape"":[8192,64,128],""stride"":[8192,128,1]},{""arg"":1,""dtype"":""torch.int64"",""shape"":[128],""stride"":[1]},{""arg"":2,""dtype"":""torch.int64"",""shape"":[128],""stride"":[1]},{""arg"":3,""dtype"":""torch.float32"",""shape"":[8192,64,128],""stride"":[8192,128,1]},{""arg"":4,""dtype"":""torch.float32"",""shape"":[64],""stride"":[1]},{""arg"":5,""dtype"":""torch.float32"",""shape"":[64,128],""stride"":[128,1]},{""arg"":6,""literal"":-5.0},{""arg"":7,""literal"":true},{""arg"":8,""literal"":true},{""arg"":9,""literal"":true}]",default_config,,triton_b200_formula_matmul,1.0,2.3357847363659308,2.7034848400346716,1.1574203726670538,431.95199966430664,184.92799997329712,159.7760021686554
on::helion.linear_attention_engine.chunk_cumsum_gc_varlen_helion::chunk_cumsum_gc_varlen_helion#1:ragged_T8192_H64_D128,helion.linear_attention_engine.chunk_cumsum_gc_varlen_helion,chunk_cumsum_gc_varlen_helion#1:ragged_T8192_H64_D128,"[{""arg"":0,""dtype"":""torch.bfloat16"",""shape"":[8192,64,128],""stride"":[8192,128,1]},{""arg"":1,""dtype"":""torch.int64"",""shape"":[131],""stride"":[1]},{""arg"":2,""dtype"":""torch.int64"",""shape"":[131],""stride"":[1]},{""arg"":3,""dtype"":""torch.float32"",""shape"":[8384,64,128],""stride"":[8192,128,1]},{""arg"":4,""dtype"":""torch.float32"",""shape"":[64],""stride"":[1]},{""arg"":5,""dtype"":""torch.float32"",""shape"":[64,128],""stride"":[128,1]},{""arg"":6,""literal"":-5.0},{""arg"":7,""literal"":true},{""arg"":8,""literal"":true},{""arg"":9,""literal"":true}]",default_config,,triton_b200_formula_matmul,1.0,2.3492983171906565,2.729837803293619,1.1619800615862272,447.34399020671844,190.41600078344345,163.87200355529785
on::helion.linear_attention_engine.chunk_cumsum_gc_varlen_helion::chunk_cumsum_gc_varlen_helion#2:fixed_T8192_H96_D128,helion.linear_attention_engine.chunk_cumsum_gc_varlen_helion,chunk_cumsum_gc_varlen_helion#2:fixed_T8192_H96_D128,"[{""arg"":0,""dtype"":""torch.bfloat16"",""shape"":[8192,96,128],""stride"":[12288,128,1]},{""arg"":1,""dtype"":""torch.int64"",""shape"":[128],""stride"":[1]},{""arg"":2,""dtype"":""torch.int64"",""shape"":[128],""stride"":[1]},{""arg"":3,""dtype"":""torch.float32"",""shape"":[12288,64,128],""stride"":[8192,128,1]},{""arg"":4,""dtype"":""torch.float32"",""shape"":[96],""stride"":[1]},{""arg"":5,""dtype"":""torch.float32"",""shape"":[96,128],""stride"":[128,1]},{""arg"":6,""literal"":-5.0},{""arg"":7,""literal"":true},{""arg"":8,""literal"":true},{""arg"":9,""literal"":true}]",default_config,,triton_b200_formula_matmul,1.0,2.405565437953186,2.7386088441493595,1.1384470365851072,650.0800251960754,270.24000883102417,237.37600445747375
on::helion.linear_attention_engine.chunk_cumsum_gc_varlen_helion::chunk_cumsum_gc_varlen_helion#3:ragged_T8192_H96_D128,helion.linear_attention_engine.chunk_cumsum_gc_varlen_helion,chunk_cumsum_gc_varlen_helion#3:ragged_T8192_H96_D128,"[{""arg"":0,""dtype"":""torch.bfloat16"",""shape"":[8192,96,128],""stride"":[12288,128,1]},{""arg"":1,""dtype"":""torch.int64"",""shape"":[131],""stride"":[1]},{""arg"":2,""dtype"":""torch.int64"",""shape"":[131],""stride"":[1]},{""arg"":3,""dtype"":""torch.float32"",""shape"":[12576,64,128],""stride"":[8192,128,1]},{""arg"":4,""dtype"":""torch.float32"",""shape"":[96],""stride"":[1]},{""arg"":5,""dtype"":""torch.float32"",""shape"":[96,128],""stride"":[128,1]},{""arg"":6,""literal"":-5.0},{""arg"":7,""literal"":true},{""arg"":8,""literal"":true},{""arg"":9,""literal"":true}]",default_config,,triton_b200_formula_matmul,1.0,2.3412332888029996,2.6957212827503487,1.1514107951747892,651.199996471405,278.1440019607544,241.56799912452698
on::helion.linear_attention_engine.chunk_fwd_A_diag_anchored_helion::chunk_fwd_A_diag_anchored_helion#0:B8_T1024_H8_D64,helion.linear_attention_engine.chunk_fwd_A_diag_anchored_helion,chunk_fwd_A_diag_anchored_helion#0:B8_T1024_H8_D64,"[{""arg"":0,""dtype"":""torch.bfloat16"",""shape"":[1024,64,64],""stride"":[4096,64,1]},{""arg"":1,""dtype"":""torch.bfloat16"",""shape"":[1024,64,64],""stride"":[4096,64,1]},{""arg"":2,""dtype"":""torch.float32"",""shape"":[1024,64,64],""stride"":[4096,64,1]},{""arg"":3,""literal"":0.125}]",default_config,,triton_b200_multi_matmul,1.0,0.9990224754404067,1.0,1.0009784810488496,32.70399942994118,32.735999673604965,32.70399942994118
on::helion.linear_attention_engine.chunk_fwd_A_diag_anchored_helion::chunk_fwd_A_diag_anchored_helion#7:B4_T2048_H16_D128,helion.linear_attention_engine.chunk_fwd_A_diag_anchored_helion,chunk_fwd_A_diag_anchored_helion#7:B4_T2048_H16_D128,"[{""arg"":0,""dtype"":""torch.bfloat16"",""shape"":[2048,64,128],""stride"":[8192,128,1]},{""arg"":1,""dtype"":""torch.bfloat16"",""shape"":[2048,64,128],""stride"":[8192,128,1]},{""arg"":2,""dtype"":""torch.float32"",""shape"":[2048,64,128],""stride"":[8192,128,1]},{""arg"":3,""literal"":0.08838834764831843},{""arg"":4,""literal"":true}]",default_config,,triton_b200_multi_matmul,1.0,0.9820445969467562,0.9811921211888888,0.9991319378361047,108.51199924945831,110.49599945545197,110.59200018644333
on::helion.linear_attention_engine.chunk_fwd_A_diag_anchored_helion::chunk_fwd_A_diag_anchored_helion#2:B2_T16384_H16_D128,helion.linear_attention_engine.chunk_fwd_A_diag_anchored_helion,chunk_fwd_A_diag_anchored_helion#2:B2_T16384_H16_D128,"[{""arg"":0,""dtype"":""torch.bfloat16"",""shape"":[8192,64,128],""stride"":[8192,128,1]},{""arg"":1,""dtype"":""torch.bfloat16"",""shape"":[8192,64,128],""stride"":[8192,128,1]},{""arg"":2,""dtype"":""torch.float32"",""shape"":[8192,64,128],""stride"":[8192,128,1]},{""arg"":3,""literal"":0.08838834764831843}]",default_config,,triton_b200_multi_matmul,1.0,0.9934355197143051,1.1120961231757436,1.1194446958123294,305.08801341056824,307.1039915084839,274.3360102176666
on::helion.linear_attention_engine.chunk_fwd_A_diag_anchored_helion::chunk_fwd_A_diag_anchored_helion#9:B8_T2048_H32_D256,helion.linear_attention_engine.chunk_fwd_A_diag_anchored_helion,chunk_fwd_A_diag_anchored_helion#9:B8_T2048_H32_D256,"[{""arg"":0,""dtype"":""torch.bfloat16"",""shape"":[8192,64,256],""stride"":[16384,256,1]},{""arg"":1,""dtype"":""torch.bfloat16"",""shape"":[8192,64,256],""stride"":[16384,256,1]},{""arg"":2,""dtype"":""torch.float32"",""shape"":[8192,64,256],""stride"":[16384,256,1]},{""arg"":3,""literal"":0.0625},{""arg"":4,""literal"":true}]",default_config,,triton_b200_multi_matmul,1.0,0.7506704488980926,1.050780400313022,1.3997892175660571,909.1520011425018,1211.1200094223022,865.2159869670868
on::helion.linear_attention_engine.chunk_fwd_A_diag_anchored_helion::chunk_fwd_A_diag_anchored_helion#4:B1_T8192_H96_D128,helion.linear_attention_engine.chunk_fwd_A_diag_anchored_helion,chunk_fwd_A_diag_anchored_helion#4:B1_T8192_H96_D128,"[{""arg"":0,""dtype"":""torch.bfloat16"",""shape"":[12288,64,128],""stride"":[8192,128,1]},{""arg"":1,""dtype"":""torch.bfloat16"",""shape"":[12288,64,128],""stride"":[8192,128,1]},{""arg"":2,""dtype"":""torch.float32"",""shape"":[12288,64,128],""stride"":[8192,128,1]},{""arg"":3,""literal"":0.08838834764831843}]",default_config,,triton_b200_multi_matmul,1.0,0.9976557161782444,1.1145589621516276,1.1171779443325485,449.40799474716187,450.46401023864746,403.2159894704819
on::helion.linear_attention_engine.chunk_fwd_A_diag_anchored_varlen_helion::chunk_fwd_A_diag_anchored_varlen_helion#0:fixed_T8192_H64_D128,helion.linear_attention_engine.chunk_fwd_A_diag_anchored_varlen_helion,chunk_fwd_A_diag_anchored_varlen_helion#0:fixed_T8192_H64_D128,"[{""arg"":0,""dtype"":""torch.bfloat16"",""shape"":[8192,64,128],""stride"":[8192,128,1]},{""arg"":1,""dtype"":""torch.bfloat16"",""shape"":[8192,64,128],""stride"":[8192,128,1]},{""arg"":2,""dtype"":""torch.float32"",""shape"":[8192,64,128],""stride"":[8192,128,1]},{""arg"":3,""dtype"":""torch.int64"",""shape"":[128],""stride"":[1]},{""arg"":4,""dtype"":""torch.int64"",""shape"":[128],""stride"":[1]},{""arg"":5,""dtype"":""torch.bfloat16"",""shape"":[8192,64,64],""stride"":[4096,64,1]},{""arg"":6,""dtype"":""torch.bfloat16"",""shape"":[8192,64,64],""stride"":[4096,64,1]},{""arg"":7,""literal"":0.08838834764831843}]",default_config,,triton_b200_multi_matmul,1.0,1.0,1.0583265841283744,1.0583265841283744,372.76801466941833,372.76801466941833,352.2239923477173
on::helion.linear_attention_engine.chunk_fwd_A_diag_anchored_varlen_helion::chunk_fwd_A_diag_anchored_varlen_helion#0:uniform_T8192_H64_D128,helion.linear_attention_engine.chunk_fwd_A_diag_anchored_varlen_helion,chunk_fwd_A_diag_anchored_varlen_helion#0:uniform_T8192_H64_D128,"[{""arg"":0,""dtype"":""torch.bfloat16"",""shape"":[8192,64,128],""stride"":[8192,128,1]},{""arg"":1,""dtype"":""torch.bfloat16"",""shape"":[8192,64,128],""stride"":[8192,128,1]},{""arg"":2,""dtype"":""torch.float32"",""shape"":[8192,64,128],""stride"":[8192,128,1]},{""arg"":3,""dtype"":""torch.int64"",""shape"":[128],""stride"":[1]},{""arg"":4,""dtype"":""torch.int64"",""shape"":[128],""stride"":[1]},{""arg"":5,""dtype"":""torch.bfloat16"",""shape"":[8192,64,64],""stride"":[4096,64,1]},{""arg"":6,""dtype"":""torch.bfloat16"",""shape"":[8192,64,64],""stride"":[4096,64,1]},{""arg"":7,""literal"":0.08838834764831843}]",default_config,,triton_b200_multi_matmul,1.0,1.0,1.0586150935363894,1.0586150935363894,372.76801466941833,372.76801466941833,352.1279990673065
on::helion.linear_attention_engine.chunk_fwd_A_diag_anchored_varlen_helion::chunk_fwd_A_diag_anchored_varlen_helion#1:ragged_T8192_H64_D128,helion.linear_attention_engine.chunk_fwd_A_diag_anchored_varlen_helion,chunk_fwd_A_diag_anchored_varlen_helion#1:ragged_T8192_H64_D128,"[{""arg"":0,""dtype"":""torch.bfloat16"",""shape"":[8192,64,128],""stride"":[8192,128,1]},{""arg"":1,""dtype"":""torch.bfloat16"",""shape"":[8192,64,128],""stride"":[8192,128,1]},{""arg"":2,""dtype"":""torch.float32"",""shape"":[8384,64,128],""stride"":[8192,128,1]},{""arg"":3,""dtype"":""torch.int64"",""shape"":[131],""stride"":[1]},{""arg"":4,""dtype"":""torch.int64"",""shape"":[131],""stride"":[1]},{""arg"":5,""dtype"":""torch.bfloat16"",""shape"":[8384,64,64],""stride"":[4096,64,1]},{""arg"":6,""dtype"":""torch.bfloat16"",""shape"":[8384,64,64],""stride"":[4096,64,1]},{""arg"":7,""literal"":0.08838834764831843}]",default_config,,triton_b200_multi_matmul,1.0,1.0,1.0451675628181183,1.0451675628181183,378.7519931793213,378.7519931793213,362.38399147987366
on::helion.linear_attention_engine.chunk_fwd_A_diag_anchored_varlen_helion::chunk_fwd_A_diag_anchored_varlen_helion#2:ragged_T8192_H96_D128,helion.linear_attention_engine.chunk_fwd_A_diag_anchored_varlen_helion,chunk_fwd_A_diag_anchored_varlen_helion#2:ragged_T8192_H96_D128,"[{""arg"":0,""dtype"":""torch.bfloat16"",""shape"":[8192,96,128],""stride"":[12288,128,1]},{""arg"":1,""dtype"":""torch.bfloat16"",""shape"":[8192,96,128],""stride"":[12288,128,1]},{""arg"":2,""dtype"":""torch.float32"",""shape"":[12576,64,128],""stride"":[8192,128,1]},{""arg"":3,""dtype"":""torch.int64"",""shape"":[131],""stride"":[1]},{""arg"":4,""dtype"":""torch.int64"",""shape"":[131],""stride"":[1]},{""arg"":5,""dtype"":""torch.bfloat16"",""shape"":[12576,64,64],""stride"":[4096,64,1]},{""arg"":6,""dtype"":""torch.bfloat16"",""shape"":[12576,64,64],""stride"":[4096,64,1]},{""arg"":7,""literal"":0.08838834764831843}]",default_config,,triton_b200_multi_matmul,1.0,1.0,1.0737520039828239,1.0737520039828239,565.1199817657471,565.1199817657471,526.3040065765381
on::helion.linear_attention_engine.chunk_fwd_h_delta_helion::chunk_fwd_h_delta_helion#1:B8_T1024_H8_D64,helion.linear_attention_engine.chunk_fwd_h_delta_helion,chunk_fwd_h_delta_helion#1:B8_T1024_H8_D64,"[{""arg"":0,""dtype"":""torch.bfloat16"",""shape"":[64,16,64,64],""stride"":[65536,4096,64,1]},{""arg"":1,""dtype"":""torch.bfloat16"",""shape"":[64,16,64,64],""stride"":[65536,4096,64,1]},{""arg"":2,""dtype"":""torch.bfloat16"",""shape"":[64,16,64,64],""stride"":[65536,4096,64,1]},{""arg"":3,""dtype"":""torch.bfloat16"",""shape"":[64,64,64],""stride"":[4096,64,1]},{""arg"":4,""dtype"":""torch.float32"",""shape"":[64,16,64,64],""stride"":[65536,4096,64,1]},{""arg"":5,""dtype"":""torch.float32"",""shape"":[64,16,64],""stride"":[1024,64,1]},{""arg"":6,""literal"":false},{""arg"":7,""literal"":true},{""arg"":8,""literal"":true}]",default_config,,triton_b200_multi_matmul,1.0,2.0971429350698507,2.0971429350698507,1.0,46.9760000705719,22.39999920129776,22.39999920129776
on::helion.linear_attention_engine.chunk_fwd_h_delta_helion::chunk_fwd_h_delta_helion#8:B4_T2048_H16_D128,helion.linear_attention_engine.chunk_fwd_h_delta_helion,chunk_fwd_h_delta_helion#8:B4_T2048_H16_D128,"[{""arg"":0,""dtype"":""torch.bfloat16"",""shape"":[64,32,64,128],""stride"":[262144,8192,128,1]},{""arg"":1,""dtype"":""torch.bfloat16"",""shape"":[64,32,64,128],""stride"":[262144,8192,128,1]},{""arg"":2,""dtype"":""torch.bfloat16"",""shape"":[64,32,64,128],""stride"":[262144,8192,128,1]},{""arg"":3,""dtype"":""torch.bfloat16"",""shape"":[64,128,128],""stride"":[16384,128,1]},{""arg"":4,""literal"":null},{""arg"":5,""literal"":null},{""arg"":6,""literal"":false},{""arg"":7,""literal"":false},{""arg"":8,""literal"":false}]",default_config,,triton_b200_multi_matmul,1.0,1.67642604365369,1.7332984573451171,1.0339247972833185,106.27199709415436,63.391998410224915,61.3120011985302
on::helion.linear_attention_engine.chunk_fwd_h_delta_helion::chunk_fwd_h_delta_helion#12:B2_T16384_H16_D128,helion.linear_attention_engine.chunk_fwd_h_delta_helion,chunk_fwd_h_delta_helion#12:B2_T16384_H16_D128,"[{""arg"":0,""dtype"":""torch.bfloat16"",""shape"":[32,256,64,128],""stride"":[2097152,8192,128,1]},{""arg"":1,""dtype"":""torch.bfloat16"",""shape"":[32,256,64,128],""stride"":[2097152,8192,128,1]},{""arg"":2,""dtype"":""torch.bfloat16"",""shape"":[32,256,64,128],""stride"":[2097152,8192,128,1]},{""arg"":3,""dtype"":""torch.bfloat16"",""shape"":[32,128,128],""stride"":[16384,128,1]},{""arg"":4,""dtype"":""torch.float32"",""shape"":[32,256,64],""stride"":[16384,64,1]},{""arg"":5,""dtype"":""torch.float32"",""shape"":[32,256],""stride"":[256,1]},{""arg"":6,""literal"":true},{""arg"":7,""literal"":false},{""arg"":8,""literal"":false}]",default_config,,triton_b200_multi_matmul,1.0,2.354591451141996,2.3400540213799887,0.9938259226436263,776.2240171432495,329.6639919281006,331.712007522583
on::helion.linear_attention_engine.chunk_fwd_h_delta_helion::chunk_fwd_h_delta_helion#4:B8_T2048_H32_D256,helion.linear_attention_engine.chunk_fwd_h_delta_helion,chunk_fwd_h_delta_helion#4:B8_T2048_H32_D256,"[{""arg"":0,""dtype"":""torch.bfloat16"",""shape"":[256,32,64,256],""stride"":[524288,16384,256,1]},{""arg"":1,""dtype"":""torch.bfloat16"",""shape"":[256,32,64,256],""stride"":[524288,16384,256,1]},{""arg"":2,""dtype"":""torch.bfloat16"",""shape"":[256,32,64,256],""stride"":[524288,16384,256,1]},{""arg"":3,""dtype"":""torch.bfloat16"",""shape"":[256,256,256],""stride"":[65536,256,1]},{""arg"":4,""dtype"":""torch.float32"",""shape"":[256,32,64,256],""stride"":[524288,16384,256,1]},{""arg"":5,""dtype"":""torch.float32"",""shape"":[256,32,256],""stride"":[8192,256,1]},{""arg"":6,""literal"":false},{""arg"":7,""literal"":true},{""arg"":8,""literal"":true}]",default_config,,triton_b200_multi_matmul,1.0,1.3269333834507786,2.5894493782041663,1.951453939209918,1585.6959819793701,1195.0079798698425,612.3680174350739
on::helion.linear_attention_engine.chunk_fwd_h_delta_helion::chunk_fwd_h_delta_helion#9:B1_T8192_H96_D128,helion.linear_attention_engine.chunk_fwd_h_delta_helion,chunk_fwd_h_delta_helion#9:B1_T8192_H96_D128,"[{""arg"":0,""dtype"":""torch.bfloat16"",""shape"":[96,128,64,128],""stride"":[1048576,8192,128,1]},{""arg"":1,""dtype"":""torch.bfloat16"",""shape"":[96,128,64,128],""stride"":[1048576,8192,128,1]},{""arg"":2,""dtype"":""torch.bfloat16"",""shape"":[96,128,64,128],""stride"":[1048576,8192,128,1]},{""arg"":3,""dtype"":""torch.bfloat16"",""shape"":[96,128,128],""stride"":[16384,128,1]},{""arg"":4,""literal"":null},{""arg"":5,""literal"":null},{""arg"":6,""literal"":false},{""arg"":7,""literal"":false},{""arg"":8,""literal"":false}]",default_config,,triton_b200_multi_matmul,1.0,1.5789740371696326,1.9717179087347163,1.2487335841627207,597.8879928588867,378.6559998989105,303.23201417922974
on::helion.linear_attention_engine.chunk_fwd_h_delta_varlen_helion::chunk_fwd_h_delta_varlen_helion#0:fixed_T8192_H64_D128,helion.linear_attention_engine.chunk_fwd_h_delta_varlen_helion,chunk_fwd_h_delta_varlen_helion#0:fixed_T8192_H64_D128,"[{""arg"":0,""dtype"":""torch.bfloat16"",""shape"":[8192,64,128],""stride"":[8192,128,1]},{""arg"":1,""dtype"":""torch.bfloat16"",""shape"":[8192,64,128],""stride"":[8192,128,1]},{""arg"":2,""dtype"":""torch.bfloat16"",""shape"":[8192,64,128],""stride"":[8192,128,1]},{""arg"":3,""dtype"":""torch.float32"",""shape"":[64,128,128],""stride"":[16384,128,1]},{""arg"":4,""dtype"":""torch.float32"",""shape"":[8192,128],""stride"":[128,1]},{""arg"":5,""dtype"":""torch.int64"",""shape"":[2],""stride"":[1]},{""arg"":6,""literal"":128},{""arg"":7,""literal"":64}]",default_config,,triton_b200_multi_matmul,1.0,1.4897887088952264,1.9894738264926672,1.3354067020470233,399.1680145263672,267.93599128723145,200.6399929523468
on::helion.linear_attention_engine.chunk_fwd_h_delta_varlen_helion::chunk_fwd_h_delta_varlen_helion#1:uniform_T8192_H64_D128,helion.linear_attention_engine.chunk_fwd_h_delta_varlen_helion,chunk_fwd_h_delta_varlen_helion#1:uniform_T8192_H64_D128,"[{""arg"":0,""dtype"":""torch.bfloat16"",""shape"":[8192,64,128],""stride"":[8192,128,1]},{""arg"":1,""dtype"":""torch.bfloat16"",""shape"":[8192,64,128],""stride"":[8192,128,1]},{""arg"":2,""dtype"":""torch.bfloat16"",""shape"":[8192,64,128],""stride"":[8192,128,1]},{""arg"":3,""dtype"":""torch.float32"",""shape"":[512,128,128],""stride"":[16384,128,1]},{""arg"":4,""dtype"":""torch.float32"",""shape"":[8192,128],""stride"":[128,1]},{""arg"":5,""dtype"":""torch.int64"",""shape"":[9],""stride"":[1]},{""arg"":6,""literal"":128},{""arg"":7,""literal"":64}]",default_config,,triton_b200_multi_matmul,1.0,1.0162632735777724,1.2989042628640615,1.2781178820831012,257.9520046710968,253.82399559020996,198.59200716018677
on::helion.linear_attention_engine.chunk_fwd_h_delta_varlen_helion::chunk_fwd_h_delta_varlen_helion#2:ragged_T8192_H64_D128,helion.linear_attention_engine.chunk_fwd_h_delta_varlen_helion,chunk_fwd_h_delta_varlen_helion#2:ragged_T8192_H64_D128,"[{""arg"":0,""dtype"":""torch.bfloat16"",""shape"":[8384,64,128],""stride"":[8192,128,1]},{""arg"":1,""dtype"":""torch.bfloat16"",""shape"":[8384,64,128],""stride"":[8192,128,1]},{""arg"":2,""dtype"":""torch.bfloat16"",""shape"":[8384,64,128],""stride"":[8192,128,1]},{""arg"":3,""dtype"":""torch.float32"",""shape"":[384,128,128],""stride"":[16384,128,1]},{""arg"":4,""dtype"":""torch.float32"",""shape"":[8384,128],""stride"":[128,1]},{""arg"":5,""dtype"":""torch.int64"",""shape"":[7],""stride"":[1]},{""arg"":6,""literal"":131},{""arg"":7,""literal"":64}]",default_config,,triton_b200_multi_matmul,1.0,0.846382822330213,1.3611221439859824,1.6081637151361583,327.58399844169617,387.03998923301697,240.6720072031021
on::helion.linear_attention_engine.chunk_fwd_h_delta_varlen_helion::chunk_fwd_h_delta_varlen_helion#3:fixed_T8192_H96_D128,helion.linear_attention_engine.chunk_fwd_h_delta_varlen_helion,chunk_fwd_h_delta_varlen_helion#3:fixed_T8192_H96_D128,"[{""arg"":0,""dtype"":""torch.bfloat16"",""shape"":[12288,64,128],""stride"":[8192,128,1]},{""arg"":1,""dtype"":""torch.bfloat16"",""shape"":[12288,64,128],""stride"":[8192,128,1]},{""arg"":2,""dtype"":""torch.bfloat16"",""shape"":[12288,64,128],""stride"":[8192,128,1]},{""arg"":3,""dtype"":""torch.float32"",""shape"":[96,128,128],""stride"":[16384,128,1]},{""arg"":4,""dtype"":""torch.float32"",""shape"":[12288,128],""stride"":[128,1]},{""arg"":5,""dtype"":""torch.int64"",""shape"":[2],""stride"":[1]},{""arg"":6,""literal"":128},{""arg"":7,""literal"":96}]",default_config,,triton_b200_multi_matmul,1.0,1.1198730711907245,1.5539409942985714,1.3876045725845667,451.7120122909546,403.3600091934204,290.68800806999207
on::helion.linear_attention_engine.chunk_fwd_h_delta_varlen_helion::chunk_fwd_h_delta_varlen_helion#5:ragged_T8192_H96_D128,helion.linear_attention_engine.chunk_fwd_h_delta_varlen_helion,chunk_fwd_h_delta_varlen_helion#5:ragged_T8192_H96_D128,"[{""arg"":0,""dtype"":""torch.bfloat16"",""shape"":[12576,64,128],""stride"":[8192,128,1]},{""arg"":1,""dtype"":""torch.bfloat16"",""shape"":[12576,64,128],""stride"":[8192,128,1]},{""arg"":2,""dtype"":""torch.bfloat16"",""shape"":[12576,64,128],""stride"":[8192,128,1]},{""arg"":3,""dtype"":""torch.float32"",""shape"":[576,128,128],""stride"":[16384,128,1]},{""arg"":4,""dtype"":""torch.float32"",""shape"":[12576,128],""stride"":[128,1]},{""arg"":5,""dtype"":""torch.int64"",""shape"":[7],""stride"":[1]},{""arg"":6,""literal"":131},{""arg"":7,""literal"":96}]",default_config,,triton_b200_multi_matmul,1.0,0.8898034797662566,1.3883910883446242,1.5603345232020696,446.24000787734985,501.50400400161743,321.4080035686493
on::helion.linear_attention_engine.chunk_fwd_h_diag_fused::chunk_fwd_h_diag_fused#1:B8_T1024_H8_D64,helion.linear_attention_engine.chunk_fwd_h_diag_fused,chunk_fwd_h_diag_fused#1:B8_T1024_H8_D64,"[{""arg"":0,""dtype"":""torch.bfloat16"",""shape"":[64,16,64,64],""stride"":[65536,4096,64,1]},{""arg"":1,""dtype"":""torch.bfloat16"",""shape"":[64,16,64,64],""stride"":[65536,4096,64,1]},{""arg"":2,""literal"":null},{""arg"":3,""literal"":null},{""arg"":4,""literal"":null},{""arg"":5,""literal"":false},{""arg"":6,""literal"":false},{""arg"":7,""literal"":false},{""arg"":8,""literal"":false}]",default_config,,triton_b200_formula_matmul,1.0,1.3641536688876656,1.884086585100462,1.381139550529341,30.688000842928886,22.495999932289124,16.287999227643013
on::helion.linear_attention_engine.chunk_fwd_h_diag_fused::chunk_fwd_h_diag_fused#8:B4_T2048_H16_D128,helion.linear_attention_engine.chunk_fwd_h_diag_fused,chunk_fwd_h_diag_fused#8:B4_T2048_H16_D128,"[{""arg"":0,""dtype"":""torch.bfloat16"",""shape"":[64,32,64,128],""stride"":[262144,8192,128,1]},{""arg"":1,""dtype"":""torch.bfloat16"",""shape"":[64,32,64,128],""stride"":[262144,8192,128,1]},{""arg"":2,""dtype"":""torch.float32"",""shape"":[64,32],""stride"":[32,1]},{""arg"":3,""literal"":null},{""arg"":4,""dtype"":""torch.float32"",""shape"":[64,32,64],""stride"":[2048,64,1]},{""arg"":5,""literal"":true},{""arg"":6,""literal"":true},{""arg"":7,""literal"":false},{""arg"":8,""literal"":false}]",default_config,,triton_b200_formula_matmul,1.0,2.119815722592051,2.0,0.943478236662221,73.60000163316727,34.71999987959862,36.80000081658363
on::helion.linear_attention_engine.chunk_fwd_h_diag_fused::chunk_fwd_h_diag_fused#12:B2_T16384_H16_D128,helion.linear_attention_engine.chunk_fwd_h_diag_fused,chunk_fwd_h_diag_fused#12:B2_T16384_H16_D128,"[{""arg"":0,""dtype"":""torch.bfloat16"",""shape"":[32,256,64,128],""stride"":[2097152,8192,128,1]},{""arg"":1,""dtype"":""torch.bfloat16"",""shape"":[32,256,64,128],""stride"":[2097152,8192,128,1]},{""arg"":2,""dtype"":""torch.float32"",""shape"":[32,256,128],""stride"":[32768,128,1]},{""arg"":3,""dtype"":""torch.float32"",""shape"":[32,128,128],""stride"":[16384,128,1]},{""arg"":4,""dtype"":""torch.float32"",""shape"":[32,256,64,128],""stride"":[2097152,8192,128,1]},{""arg"":5,""literal"":true},{""arg"":6,""literal"":false},{""arg"":7,""literal"":true},{""arg"":8,""literal"":true}]",default_config,,triton_b200_formula_matmul,1.0,1.9742587215313554,2.180397396178188,1.1044132019773676,468.76800060272217,237.44000494480133,214.9920016527176
on::helion.linear_attention_engine.chunk_fwd_h_diag_fused::chunk_fwd_h_diag_fused#4:B8_T2048_H32_D256,helion.linear_attention_engine.chunk_fwd_h_diag_fused,chunk_fwd_h_diag_fused#4:B8_T2048_H32_D256,"[{""arg"":0,""dtype"":""torch.bfloat16"",""shape"":[256,32,64,256],""stride"":[524288,16384,256,1]},{""arg"":1,""dtype"":""torch.bfloat16"",""shape"":[256,32,64,256],""stride"":[524288,16384,256,1]},{""arg"":2,""literal"":null},{""arg"":3,""literal"":null},{""arg"":4,""literal"":null},{""arg"":5,""literal"":false},{""arg"":6,""literal"":false},{""arg"":7,""literal"":false},{""arg"":8,""literal"":false}]",default_config,,triton_b200_formula_matmul,1.0,3.190148074447,3.5648128081153283,1.1174443082029273,992.6719963550568,311.16800010204315,278.4639894962311
on::helion.linear_attention_engine.chunk_fwd_h_diag_fused::chunk_fwd_h_diag_fused#9:B1_T8192_H96_D128,helion.linear_attention_engine.chunk_fwd_h_diag_fused,chunk_fwd_h_diag_fused#9:B1_T8192_H96_D128,"[{""arg"":0,""dtype"":""torch.bfloat16"",""shape"":[96,128,64,128],""stride"":[1048576,8192,128,1]},{""arg"":1,""dtype"":""torch.bfloat16"",""shape"":[96,128,64,128],""stride"":[1048576,8192,128,1]},{""arg"":2,""dtype"":""torch.float32"",""shape"":[96,128],""stride"":[128,1]},{""arg"":3,""literal"":null},{""arg"":4,""dtype"":""torch.float32"",""shape"":[96,128,64],""stride"":[8192,64,1]},{""arg"":5,""literal"":true},{""arg"":6,""literal"":true},{""arg"":7,""literal"":false},{""arg"":8,""literal"":false}]",default_config,,triton_b200_formula_matmul,1.0,2.780335914740316,3.1540512264692344,1.1344137266823113,529.375970363617,190.40000438690186,167.84000396728516
on::helion.linear_attention_engine.chunk_fwd_o_diag_anchored_helion::chunk_fwd_o_diag_anchored_helion#0:B8_T1024_H8_D64,helion.linear_attention_engine.chunk_fwd_o_diag_anchored_helion,chunk_fwd_o_diag_anchored_helion#0:B8_T1024_H8_D64,"[{""arg"":0,""dtype"":""torch.bfloat16"",""shape"":[1024,64,64],""stride"":[4096,64,1]},{""arg"":1,""dtype"":""torch.bfloat16"",""shape"":[1024,64,64],""stride"":[4096,64,1]},{""arg"":2,""dtype"":""torch.float32"",""shape"":[1024,64,64],""stride"":[4096,64,1]},{""arg"":3,""dtype"":""torch.bfloat16"",""shape"":[1024,64,64],""stride"":[4096,64,1]},{""arg"":4,""dtype"":""torch.bfloat16"",""shape"":[1024,64,64],""stride"":[4096,64,1]},{""arg"":5,""literal"":0.125}]",default_config,,triton_b200_multi_matmul,1.0,1.5019607992330284,1.6390870846414143,1.091298178673111,36.768000572919846,24.480000138282776,22.431999444961548
on::helion.linear_attention_engine.chunk_fwd_o_diag_anchored_helion::chunk_fwd_o_diag_anchored_helion#1:B4_T2048_H16_D128,helion.linear_attention_engine.chunk_fwd_o_diag_anchored_helion,chunk_fwd_o_diag_anchored_helion#1:B4_T2048_H16_D128,"[{""arg"":0,""dtype"":""torch.bfloat16"",""shape"":[2048,64,128],""stride"":[8192,128,1]},{""arg"":1,""dtype"":""torch.bfloat16"",""shape"":[2048,64,128],""stride"":[8192,128,1]},{""arg"":2,""dtype"":""torch.float32"",""shape"":[2048,64,128],""stride"":[8192,128,1]},{""arg"":3,""dtype"":""torch.bfloat16"",""shape"":[2048,128,128],""stride"":[16384,128,1]},{""arg"":4,""dtype"":""torch.bfloat16"",""shape"":[2048,64,64],""stride"":[4096,64,1]},{""arg"":5,""literal"":0.08838834764831843}]",default_config,,triton_b200_multi_matmul,1.0,3.120608512702972,4.377275378722495,1.4026993007626702,223.13599288463593,71.50400057435036,50.97600072622299
on::helion.linear_attention_engine.chunk_fwd_o_diag_anchored_helion::chunk_fwd_o_diag_anchored_helion#2:B2_T16384_H16_D128,helion.linear_attention_engine.chunk_fwd_o_diag_anchored_helion,chunk_fwd_o_diag_anchored_helion#2:B2_T16384_H16_D128,"[{""arg"":0,""dtype"":""torch.bfloat16"",""shape"":[8192,64,128],""stride"":[8192,128,1]},{""arg"":1,""dtype"":""torch.bfloat16"",""shape"":[8192,64,128],""stride"":[8192,128,1]},{""arg"":2,""dtype"":""torch.float32"",""shape"":[8192,64,128],""stride"":[8192,128,1]},{""arg"":3,""dtype"":""torch.bfloat16"",""shape"":[8192,128,128],""stride"":[16384,128,1]},{""arg"":4,""dtype"":""torch.bfloat16"",""shape"":[8192,64,64],""stride"":[4096,64,1]},{""arg"":5,""literal"":0.08838834764831843}]",default_config,,triton_b200_multi_matmul,1.0,3.761546100600903,5.078381646755307,1.3500782685991914,831.3919901847839,221.02400660514832,163.71199488639832
on::helion.linear_attention_engine.chunk_fwd_o_diag_anchored_helion::chunk_fwd_o_diag_anchored_helion#3:B8_T2048_H32_D256,helion.linear_attention_engine.chunk_fwd_o_diag_anchored_helion,chunk_fwd_o_diag_anchored_helion#3:B8_T2048_H32_D256,"[{""arg"":0,""dtype"":""torch.bfloat16"",""shape"":[8192,64,256],""stride"":[16384,256,1]},{""arg"":1,""dtype"":""torch.bfloat16"",""shape"":[8192,64,256],""stride"":[16384,256,1]},{""arg"":2,""dtype"":""torch.float32"",""shape"":[8192,64,256],""stride"":[16384,256,1]},{""arg"":3,""dtype"":""torch.bfloat16"",""shape"":[8192,256,256],""stride"":[65536,256,1]},{""arg"":4,""dtype"":""torch.bfloat16"",""shape"":[8192,64,64],""stride"":[4096,64,1]},{""arg"":5,""literal"":0.0625}]",default_config,,triton_b200_multi_matmul,1.0,5.8398458139587435,5.748944745505875,0.9844343375923398,3072.8800296783447,526.1919796466827,534.5120131969452
on::helion.linear_attention_engine.chunk_fwd_o_diag_anchored_helion::chunk_fwd_o_diag_anchored_helion#4:B1_T8192_H96_D128,helion.linear_attention_engine.chunk_fwd_o_diag_anchored_helion,chunk_fwd_o_diag_anchored_helion#4:B1_T8192_H96_D128,"[{""arg"":0,""dtype"":""torch.bfloat16"",""shape"":[12288,64,128],""stride"":[8192,128,1]},{""arg"":1,""dtype"":""torch.bfloat16"",""shape"":[12288,64,128],""stride"":[8192,128,1]},{""arg"":2,""dtype"":""torch.float32"",""shape"":[12288,64,128],""stride"":[8192,128,1]},{""arg"":3,""dtype"":""torch.bfloat16"",""shape"":[12288,128,128],""stride"":[16384,128,1]},{""arg"":4,""dtype"":""torch.bfloat16"",""shape"":[12288,64,64],""stride"":[4096,64,1]},{""arg"":5,""literal"":0.08838834764831843}]",default_config,,triton_b200_multi_matmul,1.0,3.840963325652023,4.748277316865302,1.2362204255254787,1235.0080013275146,321.53600454330444,260.09601354599
on::helion.linear_attention_engine.chunk_fwd_o_diag_anchored_varlen_helion::chunk_fwd_o_diag_anchored_varlen_helion#0:fixed_T8192_H64_D128,helion.linear_attention_engine.chunk_fwd_o_diag_anchored_varlen_helion,chunk_fwd_o_diag_anchored_varlen_helion#0:fixed_T8192_H64_D128,"[{""arg"":0,""dtype"":""torch.bfloat16"",""shape"":[8192,64,128],""stride"":[8192,128,1]},{""arg"":1,""dtype"":""torch.bfloat16"",""shape"":[8192,64,128],""stride"":[8192,128,1]},{""arg"":2,""dtype"":""torch.float32"",""shape"":[8192,64,128],""stride"":[8192,128,1]},{""arg"":3,""dtype"":""torch.bfloat16"",""shape"":[8192,128,128],""stride"":[16384,128,1]},{""arg"":4,""dtype"":""torch.bfloat16"",""shape"":[8192,64,64],""stride"":[4096,64,1]},{""arg"":5,""dtype"":""torch.int64"",""shape"":[128],""stride"":[1]},{""arg"":6,""dtype"":""torch.int64"",""shape"":[128],""stride"":[1]},{""arg"":7,""dtype"":""torch.bfloat16"",""shape"":[8192,64,128],""stride"":[8192,128,1]},{""arg"":8,""literal"":0.08838834764831843}]",default_config,,triton_b200_multi_matmul,1.0,1.0,1.1557832696910713,1.1557832696910713,212.96000480651855,212.96000480651855,184.25600230693817
on::helion.linear_attention_engine.chunk_fwd_o_diag_anchored_varlen_helion::chunk_fwd_o_diag_anchored_varlen_helion#0:uniform_T8192_H64_D128,helion.linear_attention_engine.chunk_fwd_o_diag_anchored_varlen_helion,chunk_fwd_o_diag_anchored_varlen_helion#0:uniform_T8192_H64_D128,"[{""arg"":0,""dtype"":""torch.bfloat16"",""shape"":[8192,64,128],""stride"":[8192,128,1]},{""arg"":1,""dtype"":""torch.bfloat16"",""shape"":[8192,64,128],""stride"":[8192,128,1]},{""arg"":2,""dtype"":""torch.float32"",""shape"":[8192,64,128],""stride"":[8192,128,1]},{""arg"":3,""dtype"":""torch.bfloat16"",""shape"":[8192,128,128],""stride"":[16384,128,1]},{""arg"":4,""dtype"":""torch.bfloat16"",""shape"":[8192,64,64],""stride"":[4096,64,1]},{""arg"":5,""dtype"":""torch.int64"",""shape"":[128],""stride"":[1]},{""arg"":6,""dtype"":""torch.int64"",""shape"":[128],""stride"":[1]},{""arg"":7,""dtype"":""torch.bfloat16"",""shape"":[8192,64,128],""stride"":[8192,128,1]},{""arg"":8,""literal"":0.08838834764831843}]",default_config,,triton_b200_multi_matmul,1.0,1.0001502291151443,1.1559569019889753,1.1557832696910713,212.99199759960175,212.96000480651855,184.25600230693817
on::helion.linear_attention_engine.chunk_fwd_o_diag_anchored_varlen_helion::chunk_fwd_o_diag_anchored_varlen_helion#1:ragged_T8192_H64_D128,helion.linear_attention_engine.chunk_fwd_o_diag_anchored_varlen_helion,chunk_fwd_o_diag_anchored_varlen_helion#1:ragged_T8192_H64_D128,"[{""arg"":0,""dtype"":""torch.bfloat16"",""shape"":[8192,64,128],""stride"":[8192,128,1]},{""arg"":1,""dtype"":""torch.bfloat16"",""shape"":[8384,64,128],""stride"":[8192,128,1]},{""arg"":2,""dtype"":""torch.float32"",""shape"":[8384,64,128],""stride"":[8192,128,1]},{""arg"":3,""dtype"":""torch.bfloat16"",""shape"":[8384,128,128],""stride"":[16384,128,1]},{""arg"":4,""dtype"":""torch.bfloat16"",""shape"":[8384,64,64],""stride"":[4096,64,1]},{""arg"":5,""dtype"":""torch.int64"",""shape"":[131],""stride"":[1]},{""arg"":6,""dtype"":""torch.int64"",""shape"":[131],""stride"":[1]},{""arg"":7,""dtype"":""torch.bfloat16"",""shape"":[8192,64,128],""stride"":[8192,128,1]},{""arg"":8,""literal"":0.08838834764831843}]",default_config,,triton_b200_multi_matmul,1.0,1.0,1.1527671475821282,1.1527671475821282,216.95999801158905,216.95999801158905,188.20799887180328
on::helion.linear_attention_engine.chunk_fwd_o_diag_anchored_varlen_helion::chunk_fwd_o_diag_anchored_varlen_helion#2:fixed_T8192_H96_D128,helion.linear_attention_engine.chunk_fwd_o_diag_anchored_varlen_helion,chunk_fwd_o_diag_anchored_varlen_helion#2:fixed_T8192_H96_D128,"[{""arg"":0,""dtype"":""torch.bfloat16"",""shape"":[8192,96,128],""stride"":[12288,128,1]},{""arg"":1,""dtype"":""torch.bfloat16"",""shape"":[12288,64,128],""stride"":[8192,128,1]},{""arg"":2,""dtype"":""torch.float32"",""shape"":[12288,64,128],""stride"":[8192,128,1]},{""arg"":3,""dtype"":""torch.bfloat16"",""shape"":[12288,128,128],""stride"":[16384,128,1]},{""arg"":4,""dtype"":""torch.bfloat16"",""shape"":[12288,64,64],""stride"":[4096,64,1]},{""arg"":5,""dtype"":""torch.int64"",""shape"":[128],""stride"":[1]},{""arg"":6,""dtype"":""torch.int64"",""shape"":[128],""stride"":[1]},{""arg"":7,""dtype"":""torch.bfloat16"",""shape"":[8192,96,128],""stride"":[12288,128,1]},{""arg"":8,""literal"":0.08838834764831843}]",default_config,,triton_b200_multi_matmul,1.0,0.9999492839441191,1.1668246080072786,1.1668837877506646,315.2479976415634,315.2639865875244,270.1759934425354
on::helion.linear_attention_engine.chunk_fwd_o_diag_anchored_varlen_helion::chunk_fwd_o_diag_anchored_varlen_helion#3:ragged_T8192_H96_D128,helion.linear_attention_engine.chunk_fwd_o_diag_anchored_varlen_helion,chunk_fwd_o_diag_anchored_varlen_helion#3:ragged_T8192_H96_D128,"[{""arg"":0,""dtype"":""torch.bfloat16"",""shape"":[8192,96,128],""stride"":[12288,128,1]},{""arg"":1,""dtype"":""torch.bfloat16"",""shape"":[12576,64,128],""stride"":[8192,128,1]},{""arg"":2,""dtype"":""torch.float32"",""shape"":[12576,64,128],""stride"":[8192,128,1]},{""arg"":3,""dtype"":""torch.bfloat16"",""shape"":[12576,128,128],""stride"":[16384,128,1]},{""arg"":4,""dtype"":""torch.bfloat16"",""shape"":[12576,64,64],""stride"":[4096,64,1]},{""arg"":5,""dtype"":""torch.int64"",""shape"":[131],""stride"":[1]},{""arg"":6,""dtype"":""torch.int64"",""shape"":[131],""stride"":[1]},{""arg"":7,""dtype"":""torch.bfloat16"",""shape"":[8192,96,128],""stride"":[12288,128,1]},{""arg"":8,""literal"":0.08838834764831843}]",default_config,,triton_b200_multi_matmul,1.0,1.0001002244972748,1.1306071225076335,1.1304938193329186,319.39199566841125,319.35998797416687,282.49600529670715
on::helion.linear_attention_engine.chunk_fwd_o_helion::chunk_fwd_o_helion#0:B8_T1024_H8_D64,helion.linear_attention_engine.chunk_fwd_o_helion,chunk_fwd_o_helion#0:B8_T1024_H8_D64,"[{""arg"":0,""dtype"":""torch.bfloat16"",""shape"":[1024,64,64],""stride"":[4096,64,1]},{""arg"":1,""dtype"":""torch.bfloat16"",""shape"":[1024,64,64],""stride"":[4096,64,1]},{""arg"":2,""dtype"":""torch.bfloat16"",""shape"":[1024,64,64],""stride"":[4096,64,1]},{""arg"":3,""literal"":null},{""arg"":4,""dtype"":""torch.bfloat16"",""shape"":[1024,64,64],""stride"":[4096,64,1]},{""arg"":5,""literal"":false},{""arg"":6,""literal"":0.125}]",default_config,,triton_b200_multi_matmul,1.0,1.8037676346591247,2.257367529249351,1.251473574464012,36.768000572919846,20.38400061428547,16.287999227643013
on::helion.linear_attention_engine.chunk_fwd_o_helion::chunk_fwd_o_helion#7:B4_T2048_H16_D128,helion.linear_attention_engine.chunk_fwd_o_helion,chunk_fwd_o_helion#7:B4_T2048_H16_D128,"[{""arg"":0,""dtype"":""torch.bfloat16"",""shape"":[2048,64,128],""stride"":[8192,128,1]},{""arg"":1,""dtype"":""torch.bfloat16"",""shape"":[2048,64,128],""stride"":[8192,128,1]},{""arg"":2,""dtype"":""torch.bfloat16"",""shape"":[2048,64,128],""stride"":[8192,128,1]},{""arg"":3,""dtype"":""torch.float32"",""shape"":[2048,64],""stride"":[64,1]},{""arg"":4,""dtype"":""torch.bfloat16"",""shape"":[2048,128,128],""stride"":[16384,128,1]},{""arg"":5,""literal"":true},{""arg"":6,""literal"":0.08838834764831843}]",default_config,,triton_b200_multi_matmul,1.0,3.9351230691610537,4.408521192839787,1.120300716231388,225.15200078487396,57.21599981188774,51.072001457214355
on::helion.linear_attention_engine.chunk_fwd_o_helion::chunk_fwd_o_helion#2:B2_T16384_H16_D128,helion.linear_attention_engine.chunk_fwd_o_helion,chunk_fwd_o_helion#2:B2_T16384_H16_D128,"[{""arg"":0,""dtype"":""torch.bfloat16"",""shape"":[8192,64,128],""stride"":[8192,128,1]},{""arg"":1,""dtype"":""torch.bfloat16"",""shape"":[8192,64,128],""stride"":[8192,128,1]},{""arg"":2,""dtype"":""torch.bfloat16"",""shape"":[8192,64,128],""stride"":[8192,128,1]},{""arg"":3,""literal"":null},{""arg"":4,""dtype"":""torch.bfloat16"",""shape"":[8192,128,128],""stride"":[16384,128,1]},{""arg"":5,""literal"":false},{""arg"":6,""literal"":0.08838834764831843}]",default_config,,triton_b200_multi_matmul,1.0,4.666768129055619,4.855648151984599,1.0404734106571527,735.183984041214,157.53600001335144,151.40800178050995
on::helion.linear_attention_engine.chunk_fwd_o_helion::chunk_fwd_o_helion#9:B8_T2048_H32_D256,helion.linear_attention_engine.chunk_fwd_o_helion,chunk_fwd_o_helion#9:B8_T2048_H32_D256,"[{""arg"":0,""dtype"":""torch.bfloat16"",""shape"":[8192,64,256],""stride"":[16384,256,1]},{""arg"":1,""dtype"":""torch.bfloat16"",""shape"":[8192,64,256],""stride"":[16384,256,1]},{""arg"":2,""dtype"":""torch.bfloat16"",""shape"":[8192,64,256],""stride"":[16384,256,1]},{""arg"":3,""dtype"":""torch.float32"",""shape"":[8192,64],""stride"":[64,1]},{""arg"":4,""dtype"":""torch.bfloat16"",""shape"":[8192,256,256],""stride"":[65536,256,1]},{""arg"":5,""literal"":true},{""arg"":6,""literal"":0.0625}]",default_config,,triton_b200_multi_matmul,1.0,5.528361785447118,7.434387031554113,1.3447721621845414,3032.9920053482056,548.6240088939667,407.9679995775223
on::helion.linear_attention_engine.chunk_fwd_o_helion::chunk_fwd_o_helion#4:B1_T8192_H96_D128,helion.linear_attention_engine.chunk_fwd_o_helion,chunk_fwd_o_helion#4:B1_T8192_H96_D128,"[{""arg"":0,""dtype"":""torch.bfloat16"",""shape"":[12288,64,128],""stride"":[8192,128,1]},{""arg"":1,""dtype"":""torch.bfloat16"",""shape"":[12288,64,128],""stride"":[8192,128,1]},{""arg"":2,""dtype"":""torch.bfloat16"",""shape"":[12288,64,128],""stride"":[8192,128,1]},{""arg"":3,""literal"":null},{""arg"":4,""dtype"":""torch.bfloat16"",""shape"":[12288,128,128],""stride"":[16384,128,1]},{""arg"":5,""literal"":false},{""arg"":6,""literal"":0.08838834764831843}]",default_config,,triton_b200_multi_matmul,1.0,4.836505727997587,5.658800212887,1.1700183006357898,1089.568018913269,225.2800017595291,192.54399836063385
on::helion.linear_attention_engine.chunk_fwd_wy_delta_helion::chunk_fwd_wy_delta_helion#0:B8_T1024_H8_D64,helion.linear_attention_engine.chunk_fwd_wy_delta_helion,chunk_fwd_wy_delta_helion#0:B8_T1024_H8_D64,"[{""arg"":0,""dtype"":""torch.bfloat16"",""shape"":[1024,64,64],""stride"":[4096,64,1]},{""arg"":1,""dtype"":""torch.bfloat16"",""shape"":[1024,64,64],""stride"":[4096,64,1]},{""arg"":2,""dtype"":""torch.bfloat16"",""shape"":[1024,64],""stride"":[64,1]},{""arg"":3,""dtype"":""torch.float32"",""shape"":[1024,64,64],""stride"":[4096,64,1]},{""arg"":4,""dtype"":""torch.bfloat16"",""shape"":[1024,64,64],""stride"":[4096,64,1]},{""arg"":5,""dtype"":""torch.bfloat16"",""shape"":[1024,64,64],""stride"":[4096,64,1]},{""arg"":6,""literal"":false},{""arg"":7,""literal"":true}]",default_config,,triton_b200_multi_matmul,1.0,0.9602888556983025,0.9620253768568999,1.0018083320953826,51.072001457214355,53.18399891257286,53.0879981815815
on::helion.linear_attention_engine.chunk_fwd_wy_delta_helion::chunk_fwd_wy_delta_helion#7:B4_T2048_H16_D128,helion.linear_attention_engine.chunk_fwd_wy_delta_helion,chunk_fwd_wy_delta_helion#7:B4_T2048_H16_D128,"[{""arg"":0,""dtype"":""torch.bfloat16"",""shape"":[2048,64,128],""stride"":[8192,128,1]},{""arg"":1,""dtype"":""torch.bfloat16"",""shape"":[2048,64,128],""stride"":[8192,128,1]},{""arg"":2,""dtype"":""torch.bfloat16"",""shape"":[2048,64],""stride"":[64,1]},{""arg"":3,""literal"":null},{""arg"":4,""literal"":null},{""arg"":5,""literal"":null},{""arg"":6,""literal"":false},{""arg"":7,""literal"":false}]",default_config,,triton_b200_multi_matmul,1.0,1.1958484698354377,1.3232357382320157,1.1065245903723135,127.20000743865967,106.36799782514572,96.12800180912018
on::helion.linear_attention_engine.chunk_fwd_wy_delta_helion::chunk_fwd_wy_delta_helion#14:B2_T16384_H16_D128,helion.linear_attention_engine.chunk_fwd_wy_delta_helion,chunk_fwd_wy_delta_helion#14:B2_T16384_H16_D128,"[{""arg"":0,""dtype"":""torch.bfloat16"",""shape"":[8192,64,128],""stride"":[8192,128,1]},{""arg"":1,""dtype"":""torch.bfloat16"",""shape"":[8192,64,128],""stride"":[8192,128,1]},{""arg"":2,""dtype"":""torch.bfloat16"",""shape"":[8192,64],""stride"":[64,1]},{""arg"":3,""dtype"":""torch.float32"",""shape"":[8192,64],""stride"":[64,1]},{""arg"":4,""literal"":null},{""arg"":5,""literal"":null},{""arg"":6,""literal"":true},{""arg"":7,""literal"":false}]",default_config,,triton_b200_multi_matmul,1.0,1.0191064195864559,1.2844053998958345,1.2603250997251443,446.3360011577606,437.9680007696152,347.50398993492126
on::helion.linear_attention_engine.chunk_fwd_wy_delta_helion::chunk_fwd_wy_delta_helion#3:B8_T2048_H32_D256,helion.linear_attention_engine.chunk_fwd_wy_delta_helion,chunk_fwd_wy_delta_helion#3:B8_T2048_H32_D256,"[{""arg"":0,""dtype"":""torch.bfloat16"",""shape"":[8192,64,256],""stride"":[16384,256,1]},{""arg"":1,""dtype"":""torch.bfloat16"",""shape"":[8192,64,256],""stride"":[16384,256,1]},{""arg"":2,""dtype"":""torch.bfloat16"",""shape"":[8192,64],""stride"":[64,1]},{""arg"":3,""dtype"":""torch.float32"",""shape"":[8192,64,256],""stride"":[16384,256,1]},{""arg"":4,""dtype"":""torch.bfloat16"",""shape"":[8192,64,64],""stride"":[4096,64,1]},{""arg"":5,""dtype"":""torch.bfloat16"",""shape"":[8192,64,256],""stride"":[16384,256,1]},{""arg"":6,""literal"":false},{""arg"":7,""literal"":true}]",default_config,,triton_b200_multi_matmul,1.0,0.9965674804991954,0.9964653538553492,0.9998975215970372,622.4640011787415,624.6079802513123,624.671995639801
on::helion.linear_attention_engine.chunk_fwd_wy_delta_helion::chunk_fwd_wy_delta_helion#10:B1_T8192_H96_D128,helion.linear_attention_engine.chunk_fwd_wy_delta_helion,chunk_fwd_wy_delta_helion#10:B1_T8192_H96_D128,"[{""arg"":0,""dtype"":""torch.bfloat16"",""shape"":[12288,64,128],""stride"":[8192,128,1]},{""arg"":1,""dtype"":""torch.bfloat16"",""shape"":[12288,64,128],""stride"":[8192,128,1]},{""arg"":2,""dtype"":""torch.bfloat16"",""shape"":[12288,64],""stride"":[64,1]},{""arg"":3,""literal"":null},{""arg"":4,""literal"":null},{""arg"":5,""literal"":null},{""arg"":6,""literal"":false},{""arg"":7,""literal"":false}]",default_config,,triton_b200_multi_matmul,1.0,1.1488591100498362,1.3264038681453774,1.1545400619992816,649.2800116539001,565.1519894599915,489.50400948524475
on::helion.linear_attention_engine.chunk_fwd_wy_delta_varlen_helion::chunk_fwd_wy_delta_varlen_helion#0:fixed_T8192_H64_D128,helion.linear_attention_engine.chunk_fwd_wy_delta_varlen_helion,chunk_fwd_wy_delta_varlen_helion#0:fixed_T8192_H64_D128,"[{""arg"":0,""dtype"":""torch.bfloat16"",""shape"":[8192,64,128],""stride"":[8192,128,1]},{""arg"":1,""dtype"":""torch.bfloat16"",""shape"":[8192,64,128],""stride"":[8192,128,1]},{""arg"":2,""dtype"":""torch.bfloat16"",""shape"":[8192,64],""stride"":[64,1]},{""arg"":3,""dtype"":""torch.float32"",""shape"":[8192,64,128],""stride"":[8192,128,1]},{""arg"":4,""dtype"":""torch.bfloat16"",""shape"":[8192,64,64],""stride"":[4096,64,1]},{""arg"":5,""dtype"":""torch.int64"",""shape"":[128],""stride"":[1]},{""arg"":6,""dtype"":""torch.int64"",""shape"":[128],""stride"":[1]},{""arg"":7,""dtype"":""torch.bfloat16"",""shape"":[8192,64,128],""stride"":[8192,128,1]},{""arg"":8,""dtype"":""torch.bfloat16"",""shape"":[8192,64,128],""stride"":[8192,128,1]},{""arg"":9,""dtype"":""torch.bfloat16"",""shape"":[8192,64,128],""stride"":[8192,128,1]}]",default_config,,triton_b200_multi_matmul,1.0,0.8851382662525903,1.0118802483083122,1.1431889083185947,362.4959886074066,409.5360040664673,358.240008354187
on::helion.linear_attention_engine.chunk_fwd_wy_delta_varlen_helion::chunk_fwd_wy_delta_varlen_helion#0:uniform_T8192_H64_D128,helion.linear_attention_engine.chunk_fwd_wy_delta_varlen_helion,chunk_fwd_wy_delta_varlen_helion#0:uniform_T8192_H64_D128,"[{""arg"":0,""dtype"":""torch.bfloat16"",""shape"":[8192,64,128],""stride"":[8192,128,1]},{""arg"":1,""dtype"":""torch.bfloat16"",""shape"":[8192,64,128],""stride"":[8192,128,1]},{""arg"":2,""dtype"":""torch.bfloat16"",""shape"":[8192,64],""stride"":[64,1]},{""arg"":3,""dtype"":""torch.float32"",""shape"":[8192,64,128],""stride"":[8192,128,1]},{""arg"":4,""dtype"":""torch.bfloat16"",""shape"":[8192,64,64],""stride"":[4096,64,1]},{""arg"":5,""dtype"":""torch.int64"",""shape"":[128],""stride"":[1]},{""arg"":6,""dtype"":""torch.int64"",""shape"":[128],""stride"":[1]},{""arg"":7,""dtype"":""torch.bfloat16"",""shape"":[8192,64,128],""stride"":[8192,128,1]},{""arg"":8,""dtype"":""torch.bfloat16"",""shape"":[8192,64,128],""stride"":[8192,128,1]},{""arg"":9,""dtype"":""torch.bfloat16"",""shape"":[8192,64,128],""stride"":[8192,128,1]}]",default_config,,triton_b200_multi_matmul,1.0,0.8853291751360197,1.0121041567127729,1.1431953053589088,362.5600039958954,409.5200002193451,358.2240045070648
on::helion.linear_attention_engine.chunk_fwd_wy_delta_varlen_helion::chunk_fwd_wy_delta_varlen_helion#1:ragged_T8192_H64_D128,helion.linear_attention_engine.chunk_fwd_wy_delta_varlen_helion,chunk_fwd_wy_delta_varlen_helion#1:ragged_T8192_H64_D128,"[{""arg"":0,""dtype"":""torch.bfloat16"",""shape"":[8192,64,128],""stride"":[8192,128,1]},{""arg"":1,""dtype"":""torch.bfloat16"",""shape"":[8192,64,128],""stride"":[8192,128,1]},{""arg"":2,""dtype"":""torch.bfloat16"",""shape"":[8192,64],""stride"":[64,1]},{""arg"":3,""dtype"":""torch.float32"",""shape"":[8384,64,128],""stride"":[8192,128,1]},{""arg"":4,""dtype"":""torch.bfloat16"",""shape"":[8384,64,64],""stride"":[4096,64,1]},{""arg"":5,""dtype"":""torch.int64"",""shape"":[131],""stride"":[1]},{""arg"":6,""dtype"":""torch.int64"",""shape"":[131],""stride"":[1]},{""arg"":7,""dtype"":""torch.bfloat16"",""shape"":[8384,64,128],""stride"":[8192,128,1]},{""arg"":8,""dtype"":""torch.bfloat16"",""shape"":[8384,64,128],""stride"":[8192,128,1]},{""arg"":9,""dtype"":""torch.bfloat16"",""shape"":[8384,64,128],""stride"":[8192,128,1]}]",default_config,,triton_b200_multi_matmul,1.0,0.9019231942557858,1.0281247381697465,1.1399249345373526,376.67199969291687,417.63201355934143,366.36799573898315
on::helion.linear_attention_engine.chunk_fwd_wy_delta_varlen_helion::chunk_fwd_wy_delta_varlen_helion#2:fixed_T8192_H96_D128,helion.linear_attention_engine.chunk_fwd_wy_delta_varlen_helion,chunk_fwd_wy_delta_varlen_helion#2:fixed_T8192_H96_D128,"[{""arg"":0,""dtype"":""torch.bfloat16"",""shape"":[8192,96,128],""stride"":[12288,128,1]},{""arg"":1,""dtype"":""torch.bfloat16"",""shape"":[8192,96,128],""stride"":[12288,128,1]},{""arg"":2,""dtype"":""torch.bfloat16"",""shape"":[8192,96],""stride"":[96,1]},{""arg"":3,""dtype"":""torch.float32"",""shape"":[12288,64,128],""stride"":[8192,128,1]},{""arg"":4,""dtype"":""torch.bfloat16"",""shape"":[12288,64,64],""stride"":[4096,64,1]},{""arg"":5,""dtype"":""torch.int64"",""shape"":[128],""stride"":[1]},{""arg"":6,""dtype"":""torch.int64"",""shape"":[128],""stride"":[1]},{""arg"":7,""dtype"":""torch.bfloat16"",""shape"":[12288,64,128],""stride"":[8192,128,1]},{""arg"":8,""dtype"":""torch.bfloat16"",""shape"":[12288,64,128],""stride"":[8192,128,1]},{""arg"":9,""dtype"":""torch.bfloat16"",""shape"":[12288,64,128],""stride"":[8192,128,1]}]",default_config,,triton_b200_multi_matmul,1.0,0.88319121828461,1.0216937993256217,1.1568206048402745,533.5040092468262,604.0639877319336,522.1760272979736
on::helion.linear_attention_engine.chunk_fwd_wy_delta_varlen_helion::chunk_fwd_wy_delta_varlen_helion#3:ragged_T8192_H96_D128,helion.linear_attention_engine.chunk_fwd_wy_delta_varlen_helion,chunk_fwd_wy_delta_varlen_helion#3:ragged_T8192_H96_D128,"[{""arg"":0,""dtype"":""torch.bfloat16"",""shape"":[8192,96,128],""stride"":[12288,128,1]},{""arg"":1,""dtype"":""torch.bfloat16"",""shape"":[8192,96,128],""stride"":[12288,128,1]},{""arg"":2,""dtype"":""torch.bfloat16"",""shape"":[8192,96],""stride"":[96,1]},{""arg"":3,""dtype"":""torch.float32"",""shape"":[12576,64,128],""stride"":[8192,128,1]},{""arg"":4,""dtype"":""torch.bfloat16"",""shape"":[12576,64,64],""stride"":[4096,64,1]},{""arg"":5,""dtype"":""torch.int64"",""shape"":[131],""stride"":[1]},{""arg"":6,""dtype"":""torch.int64"",""shape"":[131],""stride"":[1]},{""arg"":7,""dtype"":""torch.bfloat16"",""shape"":[12576,64,128],""stride"":[8192,128,1]},{""arg"":8,""dtype"":""torch.bfloat16"",""shape"":[12576,64,128],""stride"":[8192,128,1]},{""arg"":9,""dtype"":""torch.bfloat16"",""shape"":[12576,64,128],""stride"":[8192,128,1]}]",default_config,,triton_b200_multi_matmul,1.0,0.8968954110583599,1.0117123245234745,1.1280159448353377,552.8320074081421,616.3840293884277,546.4320182800293
on::sglang.kda_prefill._intra_matrices_wide::fixed_h16_t512,sglang.kda_prefill._intra_matrices_wide,fixed_h16_t512,"[{""arg"":0,""dtype"":""torch.bfloat16"",""shape"":[1,512,16,128],""stride"":[1048576,2048,128,1]},{""arg"":1,""dtype"":""torch.bfloat16"",""shape"":[1,512,16,128],""stride"":[1048576,2048,128,1]},{""arg"":2,""dtype"":""torch.float32"",""shape"":[1,512,16,128],""stride"":[1048576,2048,128,1]},{""arg"":3,""dtype"":""torch.float32"",""shape"":[1,512,16],""stride"":[8192,16,1]},{""arg"":4,""dtype"":""torch.int32"",""shape"":[0],""stride"":[1]},{""arg"":5,""dtype"":""torch.int64"",""shape"":[0,2],""stride"":[2,1]},{""arg"":6,""literal"":0.08838834764831845},{""arg"":7,""literal"":false}]",default_config,,triton_b200_multi_matmul,1.0,1.5876963937154012,1.9072327318877393,1.2012578345817015,38.816001266241074,24.447999894618988,20.35200037062168
on::sglang.kda_prefill._intra_matrices_wide::fixed_h32_t8192,sglang.kda_prefill._intra_matrices_wide,fixed_h32_t8192,"[{""arg"":0,""dtype"":""torch.bfloat16"",""shape"":[1,8192,32,128],""stride"":[33554432,4096,128,1]},{""arg"":1,""dtype"":""torch.bfloat16"",""shape"":[1,8192,32,128],""stride"":[33554432,4096,128,1]},{""arg"":2,""dtype"":""torch.float32"",""shape"":[1,8192,32,128],""stride"":[33554432,4096,128,1]},{""arg"":3,""dtype"":""torch.float32"",""shape"":[1,8192,32],""stride"":[262144,32,1]},{""arg"":4,""dtype"":""torch.int32"",""shape"":[0],""stride"":[1]},{""arg"":5,""dtype"":""torch.int64"",""shape"":[0,2],""stride"":[2,1]},{""arg"":6,""literal"":0.08838834764831845},{""arg"":7,""literal"":false}]",default_config,,triton_b200_multi_matmul,1.0,2.105702683898649,4.351475098899797,2.0665192347303103,944.096028804779,448.35200905799866,216.95999801158905
on::sglang.kda_prefill._intra_matrices_wide::packed_h12_t2048,sglang.kda_prefill._intra_matrices_wide,packed_h12_t2048,"[{""arg"":0,""dtype"":""torch.bfloat16"",""shape"":[1,2048,12,128],""stride"":[3145728,1536,128,1]},{""arg"":1,""dtype"":""torch.bfloat16"",""shape"":[1,2048,12,128],""stride"":[3145728,1536,128,1]},{""arg"":2,""dtype"":""torch.float32"",""shape"":[1,2048,12,128],""stride"":[3145728,1536,128,1]},{""arg"":3,""dtype"":""torch.float32"",""shape"":[1,2048,12],""stride"":[24576,12,1]},{""arg"":4,""dtype"":""torch.int32"",""shape"":[2],""stride"":[1]},{""arg"":5,""dtype"":""torch.int32"",""shape"":[32,2],""stride"":[2,1]},{""arg"":6,""literal"":0.08838834764831845},{""arg"":7,""literal"":true}]",default_config,,triton_b200_multi_matmul,1.0,2.2895523674359577,2.672473911762663,1.1672473404727293,98.1760025024414,42.87999868392944,36.73600032925606
on::sglang.kda_prefill._intra_matrices_wide::ragged_h16_t2048,sglang.kda_prefill._intra_matrices_wide,ragged_h16_t2048,"[{""arg"":0,""dtype"":""torch.bfloat16"",""shape"":[1,2048,16,128],""stride"":[4194304,2048,128,1]},{""arg"":1,""dtype"":""torch.bfloat16"",""shape"":[1,2048,16,128],""stride"":[4194304,2048,128,1]},{""arg"":2,""dtype"":""torch.float32"",""shape"":[1,2048,16,128],""stride"":[4194304,2048,128,1]},{""arg"":3,""dtype"":""torch.float32"",""shape"":[1,2048,16],""stride"":[32768,16,1]},{""arg"":4,""dtype"":""torch.int32"",""shape"":[5],""stride"":[1]},{""arg"":5,""dtype"":""torch.int32"",""shape"":[34,2],""stride"":[2,1]},{""arg"":6,""literal"":0.08838834764831845},{""arg"":7,""literal"":true}]",default_config,,triton_b200_multi_matmul,1.0,2.334299076899335,3.3215169386207193,1.4229183276003827,128.92800569534302,55.23199960589409,38.816001266241074
on::sglang.kda_prefill._intra_matrices_wide::ragged_h32_t8192,sglang.kda_prefill._intra_matrices_wide,ragged_h32_t8192,"[{""arg"":0,""dtype"":""torch.bfloat16"",""shape"":[1,8192,32,128],""stride"":[33554432,4096,128,1]},{""arg"":1,""dtype"":""torch.bfloat16"",""shape"":[1,8192,32,128],""stride"":[33554432,4096,128,1]},{""arg"":2,""dtype"":""torch.float32"",""shape"":[1,8192,32,128],""stride"":[33554432,4096,128,1]},{""arg"":3,""dtype"":""torch.float32"",""shape"":[1,8192,32],""stride"":[262144,32,1]},{""arg"":4,""dtype"":""torch.int32"",""shape"":[5],""stride"":[1]},{""arg"":5,""dtype"":""torch.int32"",""shape"":[130,2],""stride"":[2,1]},{""arg"":6,""literal"":0.08838834764831845},{""arg"":7,""literal"":true}]",default_config,,triton_b200_multi_matmul,1.0,2.5366971704075816,4.4905263485166,1.7702256307539805,955.5839896202087,376.70400738716125,212.79999613761902
on::sglang.kda_prefill._intra_solve_recompute::fixed_h16_t512,sglang.kda_prefill._intra_solve_recompute,fixed_h16_t512,"[{""arg"":0,""dtype"":""torch.float32"",""shape"":[1,512,16,64],""stride"":[524288,1024,64,1]},{""arg"":1,""dtype"":""torch.bfloat16"",""shape"":[1,512,16,128],""stride"":[1048576,2048,128,1]},{""arg"":2,""dtype"":""torch.bfloat16"",""shape"":[1,512,16,128],""stride"":[1048576,2048,128,1]},{""arg"":3,""dtype"":""torch.float32"",""shape"":[1,512,16],""stride"":[8192,16,1]},{""arg"":4,""dtype"":""torch.int32"",""shape"":[0],""stride"":[1]},{""arg"":5,""dtype"":""torch.int64"",""shape"":[0,2],""stride"":[2,1]},{""arg"":6,""literal"":false}]",default_config,,triton_b200_multi_matmul,1.0,1.5765765033504802,1.5765765033504802,1.0,22.39999920129776,14.208000153303146,14.208000153303146
on::sglang.kda_prefill._intra_solve_recompute::fixed_h32_t8192,sglang.kda_prefill._intra_solve_recompute,fixed_h32_t8192,"[{""arg"":0,""dtype"":""torch.float32"",""shape"":[1,8192,32,64],""stride"":[16777216,2048,64,1]},{""arg"":1,""dtype"":""torch.bfloat16"",""shape"":[1,8192,32,128],""stride"":[33554432,4096,128,1]},{""arg"":2,""dtype"":""torch.bfloat16"",""shape"":[1,8192,32,128],""stride"":[33554432,4096,128,1]},{""arg"":3,""dtype"":""torch.float32"",""shape"":[1,8192,32],""stride"":[262144,32,1]},{""arg"":4,""dtype"":""torch.int32"",""shape"":[0],""stride"":[1]},{""arg"":5,""dtype"":""torch.int64"",""shape"":[0,2],""stride"":[2,1]},{""arg"":6,""literal"":false}]",default_config,,triton_b200_multi_matmul,1.0,1.9463880202551025,2.0958904593313545,1.0768101927881049,137.08800077438354,70.43199986219406,65.40799885988235
on::sglang.kda_prefill._intra_solve_recompute::packed_h12_t2048,sglang.kda_prefill._intra_solve_recompute,packed_h12_t2048,"[{""arg"":0,""dtype"":""torch.float32"",""shape"":[1,2048,12,64],""stride"":[1572864,768,64,1]},{""arg"":1,""dtype"":""torch.bfloat16"",""shape"":[1,2048,12,128],""stride"":[3145728,1536,128,1]},{""arg"":2,""dtype"":""torch.bfloat16"",""shape"":[1,2048,12,128],""stride"":[3145728,1536,128,1]},{""arg"":3,""dtype"":""torch.float32"",""shape"":[1,2048,12],""stride"":[24576,12,1]},{""arg"":4,""dtype"":""torch.int32"",""shape"":[2],""stride"":[1]},{""arg"":5,""dtype"":""torch.int32"",""shape"":[32,2],""stride"":[2,1]},{""arg"":6,""literal"":true}]",default_config,,triton_b200_multi_matmul,1.0,1.445804240102535,1.445804240102535,1.0,26.464000344276428,18.303999677300453,18.303999677300453
on::sglang.kda_prefill._intra_solve_recompute::ragged_h16_t2048,sglang.kda_prefill._intra_solve_recompute,ragged_h16_t2048,"[{""arg"":0,""dtype"":""torch.float32"",""shape"":[1,2048,16,64],""stride"":[2097152,1024,64,1]},{""arg"":1,""dtype"":""torch.bfloat16"",""shape"":[1,2048,16,128],""stride"":[4194304,2048,128,1]},{""arg"":2,""dtype"":""torch.bfloat16"",""shape"":[1,2048,16,128],""stride"":[4194304,2048,128,1]},{""arg"":3,""dtype"":""torch.float32"",""shape"":[1,2048,16],""stride"":[32768,16,1]},{""arg"":4,""dtype"":""torch.int32"",""shape"":[5],""stride"":[1]},{""arg"":5,""dtype"":""torch.int32"",""shape"":[34,2],""stride"":[2,1]},{""arg"":6,""literal"":true}]",default_config,,triton_b200_multi_matmul,1.0,1.3977987437212833,1.3977987437212833,1.0,28.44800055027008,20.35200037062168,20.35200037062168
on::sglang.kda_prefill._intra_solve_recompute::ragged_h32_t8192,sglang.kda_prefill._intra_solve_recompute,ragged_h32_t8192,"[{""arg"":0,""dtype"":""torch.float32"",""shape"":[1,8192,32,64],""stride"":[16777216,2048,64,1]},{""arg"":1,""dtype"":""torch.bfloat16"",""shape"":[1,8192,32,128],""stride"":[33554432,4096,128,1]},{""arg"":2,""dtype"":""torch.bfloat16"",""shape"":[1,8192,32,128],""stride"":[33554432,4096,128,1]},{""arg"":3,""dtype"":""torch.float32"",""shape"":[1,8192,32],""stride"":[262144,32,1]},{""arg"":4,""dtype"":""torch.int32"",""shape"":[5],""stride"":[1]},{""arg"":5,""dtype"":""torch.int32"",""shape"":[130,2],""stride"":[2,1]},{""arg"":6,""literal"":true}]",default_config,,triton_b200_multi_matmul,1.0,1.9109935242564235,1.9118019032821143,1.000423015052343,144.6239948272705,75.68000257015228,75.6480023264885
on::sglang.kda_prefill._chunk_state::fixed_h16_t512_float32,sglang.kda_prefill._chunk_state,fixed_h16_t512_float32,"[{""arg"":0,""dtype"":""torch.bfloat16"",""shape"":[1,512,16,128],""stride"":[1048576,2048,128,1]},{""arg"":1,""dtype"":""torch.bfloat16"",""shape"":[1,512,16,128],""stride"":[1048576,2048,128,1]},{""arg"":2,""dtype"":""torch.bfloat16"",""shape"":[1,512,16,128],""stride"":[1048576,2048,128,1]},{""arg"":3,""dtype"":""torch.float32"",""shape"":[8,16,128],""stride"":[2048,128,1]},{""arg"":4,""dtype"":""torch.float32"",""shape"":[2,16,128,128],""stride"":[262144,16384,128,1]},{""arg"":5,""dtype"":""torch.int32"",""shape"":[1],""stride"":[1]},{""arg"":6,""dtype"":""torch.int32"",""shape"":[0],""stride"":[1]},{""arg"":7,""dtype"":""torch.int64"",""shape"":[0,2],""stride"":[2,1]},{""arg"":8,""dtype"":""torch.int64"",""shape"":[0],""stride"":[1]},{""arg"":9,""literal"":false}]",default_config,,triton_b200_multi_matmul,1.0,1.5882353567787195,1.9073783644963616,1.200941885820331,38.88000175356865,24.480000138282776,20.38400061428547
on::sglang.kda_prefill._chunk_state::fixed_h32_t8192_bfloat16,sglang.kda_prefill._chunk_state,fixed_h32_t8192_bfloat16,"[{""arg"":0,""dtype"":""torch.bfloat16"",""shape"":[1,8192,32,128],""stride"":[33554432,4096,128,1]},{""arg"":1,""dtype"":""torch.bfloat16"",""shape"":[1,8192,32,128],""stride"":[33554432,4096,128,1]},{""arg"":2,""dtype"":""torch.bfloat16"",""shape"":[1,8192,32,128],""stride"":[33554432,4096,128,1]},{""arg"":3,""dtype"":""torch.float32"",""shape"":[128,32,128],""stride"":[4096,128,1]},{""arg"":4,""dtype"":""torch.bfloat16"",""shape"":[2,32,128,128],""stride"":[524288,16384,128,1]},{""arg"":5,""dtype"":""torch.int32"",""shape"":[1],""stride"":[1]},{""arg"":6,""dtype"":""torch.int32"",""shape"":[0],""stride"":[1]},{""arg"":7,""dtype"":""torch.int64"",""shape"":[0,2],""stride"":[2,1]},{""arg"":8,""dtype"":""torch.int64"",""shape"":[0],""stride"":[1]},{""arg"":9,""literal"":false}]",default_config,,triton_b200_multi_matmul,1.0,2.2555264138913693,2.363548343104613,1.0478921144740123,507.7280104160309,225.10399669408798,214.81600403785706
on::sglang.kda_prefill._chunk_state::packed_h12_t2048_float32,sglang.kda_prefill._chunk_state,packed_h12_t2048_float32,"[{""arg"":0,""dtype"":""torch.bfloat16"",""shape"":[1,2048,12,128],""stride"":[3145728,1536,128,1]},{""arg"":1,""dtype"":""torch.bfloat16"",""shape"":[1,2048,12,128],""stride"":[3145728,1536,128,1]},{""arg"":2,""dtype"":""torch.bfloat16"",""shape"":[1,2048,12,128],""stride"":[3145728,1536,128,1]},{""arg"":3,""dtype"":""torch.float32"",""shape"":[32,12,128],""stride"":[1536,128,1]},{""arg"":4,""dtype"":""torch.float32"",""shape"":[2,12,128,128],""stride"":[196608,16384,128,1]},{""arg"":5,""dtype"":""torch.int32"",""shape"":[1],""stride"":[1]},{""arg"":6,""dtype"":""torch.int32"",""shape"":[2],""stride"":[1]},{""arg"":7,""dtype"":""torch.int32"",""shape"":[32,2],""stride"":[2,1]},{""arg"":8,""dtype"":""torch.int64"",""shape"":[2],""stride"":[1]},{""arg"":9,""literal"":true}]",default_config,,triton_b200_multi_matmul,1.0,1.6862139640699216,2.2903857537840024,1.3583007866070713,131.120003759861,77.7600035071373,57.24800005555153
on::sglang.kda_prefill._chunk_state::ragged_h16_t2048_bfloat16,sglang.kda_prefill._chunk_state,ragged_h16_t2048_bfloat16,"[{""arg"":0,""dtype"":""torch.bfloat16"",""shape"":[1,2048,16,128],""stride"":[4194304,2048,128,1]},{""arg"":1,""dtype"":""torch.bfloat16"",""shape"":[1,2048,16,128],""stride"":[4194304,2048,128,1]},{""arg"":2,""dtype"":""torch.bfloat16"",""shape"":[1,2048,16,128],""stride"":[4194304,2048,128,1]},{""arg"":3,""dtype"":""torch.float32"",""shape"":[34,16,128],""stride"":[2048,128,1]},{""arg"":4,""dtype"":""torch.bfloat16"",""shape"":[5,16,128,128],""stride"":[262144,16384,128,1]},{""arg"":5,""dtype"":""torch.int32"",""shape"":[4],""stride"":[1]},{""arg"":6,""dtype"":""torch.int32"",""shape"":[5],""stride"":[1]},{""arg"":7,""dtype"":""torch.int32"",""shape"":[34,2],""stride"":[2,1]},{""arg"":8,""dtype"":""torch.int64"",""shape"":[5],""stride"":[1]},{""arg"":9,""literal"":true}]",default_config,,triton_b200_multi_matmul,1.0,1.3015656870080978,1.4972592714278499,1.1503524458067054,61.184000223875046,47.00800031423569,40.863998234272
on::sglang.kda_prefill._chunk_state::ragged_h32_t8192_bfloat16,sglang.kda_prefill._chunk_state,ragged_h32_t8192_bfloat16,"[{""arg"":0,""dtype"":""torch.bfloat16"",""shape"":[1,8192,32,128],""stride"":[33554432,4096,128,1]},{""arg"":1,""dtype"":""torch.bfloat16"",""shape"":[1,8192,32,128],""stride"":[33554432,4096,128,1]},{""arg"":2,""dtype"":""torch.bfloat16"",""shape"":[1,8192,32,128],""stride"":[33554432,4096,128,1]},{""arg"":3,""dtype"":""torch.float32"",""shape"":[130,32,128],""stride"":[4096,128,1]},{""arg"":4,""dtype"":""torch.bfloat16"",""shape"":[5,32,128,128],""stride"":[524288,16384,128,1]},{""arg"":5,""dtype"":""torch.int32"",""shape"":[4],""stride"":[1]},{""arg"":6,""dtype"":""torch.int32"",""shape"":[5],""stride"":[1]},{""arg"":7,""dtype"":""torch.int32"",""shape"":[130,2],""stride"":[2,1]},{""arg"":8,""dtype"":""torch.int64"",""shape"":[5],""stride"":[1]},{""arg"":9,""literal"":true}]",default_config,,triton_b200_multi_matmul,1.0,1.9381427341507937,2.261977857413987,1.1670852809533057,389.0240043401718,200.71999728679657,171.984001994133
on::sglang.kda_prefill._chunk_output::fixed_h16_t512,sglang.kda_prefill._chunk_output,fixed_h16_t512,"[{""arg"":0,""dtype"":""torch.bfloat16"",""shape"":[1,512,16,128],""stride"":[1048576,2048,128,1]},{""arg"":1,""dtype"":""torch.bfloat16"",""shape"":[1,512,16,128],""stride"":[1048576,2048,128,1]},{""arg"":2,""dtype"":""torch.bfloat16"",""shape"":[1,512,16,64],""stride"":[524288,1024,64,1]},{""arg"":3,""dtype"":""torch.bfloat16"",""shape"":[1,8,16,128,128],""stride"":[2097152,262144,16384,128,1]},{""arg"":4,""dtype"":""torch.bfloat16"",""shape"":[1,512,16,128],""stride"":[1048576,2048,128,1]},{""arg"":5,""dtype"":""torch.int32"",""shape"":[0],""stride"":[1]},{""arg"":6,""dtype"":""torch.int64"",""shape"":[0,2],""stride"":[2,1]},{""arg"":7,""literal"":false}]",default_config,,triton_b200_multi_matmul,1.0,1.0,1.0,1.0,14.208000153303146,14.208000153303146,14.208000153303146
on::sglang.kda_prefill._chunk_output::fixed_h32_t8192,sglang.kda_prefill._chunk_output,fixed_h32_t8192,"[{""arg"":0,""dtype"":""torch.bfloat16"",""shape"":[1,8192,32,128],""stride"":[33554432,4096,128,1]},{""arg"":1,""dtype"":""torch.bfloat16"",""shape"":[1,8192,32,128],""stride"":[33554432,4096,128,1]},{""arg"":2,""dtype"":""torch.bfloat16"",""shape"":[1,8192,32,64],""stride"":[16777216,2048,64,1]},{""arg"":3,""dtype"":""torch.bfloat16"",""shape"":[1,128,32,128,128],""stride"":[67108864,524288,16384,128,1]},{""arg"":4,""dtype"":""torch.bfloat16"",""shape"":[1,8192,32,128],""stride"":[33554432,4096,128,1]},{""arg"":5,""dtype"":""torch.int32"",""shape"":[0],""stride"":[1]},{""arg"":6,""dtype"":""torch.int64"",""shape"":[0,2],""stride"":[2,1]},{""arg"":7,""literal"":false}]",default_config,,triton_b200_multi_matmul,1.0,2.127593020402253,2.0748091988368422,0.975190827823156,173.95199835300446,81.7599967122078,83.83999764919281
on::sglang.kda_prefill._chunk_output::packed_h12_t2048,sglang.kda_prefill._chunk_output,packed_h12_t2048,"[{""arg"":0,""dtype"":""torch.bfloat16"",""shape"":[1,2048,12,128],""stride"":[3145728,1536,128,1]},{""arg"":1,""dtype"":""torch.bfloat16"",""shape"":[1,2048,12,128],""stride"":[3145728,1536,128,1]},{""arg"":2,""dtype"":""torch.bfloat16"",""shape"":[1,2048,12,64],""stride"":[1572864,768,64,1]},{""arg"":3,""dtype"":""torch.bfloat16"",""shape"":[1,32,12,128,128],""stride"":[6291456,196608,16384,128,1]},{""arg"":4,""dtype"":""torch.bfloat16"",""shape"":[1,2048,12,128],""stride"":[3145728,1536,128,1]},{""arg"":5,""dtype"":""torch.int32"",""shape"":[2],""stride"":[1]},{""arg"":6,""dtype"":""torch.int32"",""shape"":[32,2],""stride"":[2,1]},{""arg"":7,""literal"":true}]",default_config,,triton_b200_multi_matmul,1.0,1.2012578345817015,1.2031495935959473,1.001574815131095,24.447999894618988,20.35200037062168,20.320000126957893
on::sglang.kda_prefill._chunk_output::ragged_h16_t2048,sglang.kda_prefill._chunk_output,ragged_h16_t2048,"[{""arg"":0,""dtype"":""torch.bfloat16"",""shape"":[1,2048,16,128],""stride"":[4194304,2048,128,1]},{""arg"":1,""dtype"":""torch.bfloat16"",""shape"":[1,2048,16,128],""stride"":[4194304,2048,128,1]},{""arg"":2,""dtype"":""torch.bfloat16"",""shape"":[1,2048,16,64],""stride"":[2097152,1024,64,1]},{""arg"":3,""dtype"":""torch.bfloat16"",""shape"":[1,34,16,128,128],""stride"":[8912896,262144,16384,128,1]},{""arg"":4,""dtype"":""torch.bfloat16"",""shape"":[1,2048,16,128],""stride"":[4194304,2048,128,1]},{""arg"":5,""dtype"":""torch.int32"",""shape"":[5],""stride"":[1]},{""arg"":6,""dtype"":""torch.int32"",""shape"":[34,2],""stride"":[2,1]},{""arg"":7,""literal"":true}]",default_config,,triton_b200_multi_matmul,1.0,1.2720797746783072,1.2738944529841516,1.001426544421165,28.575999662280083,22.463999688625336,22.431999444961548
on::sglang.kda_prefill._chunk_output::ragged_h32_t8192,sglang.kda_prefill._chunk_output,ragged_h32_t8192,"[{""arg"":0,""dtype"":""torch.bfloat16"",""shape"":[1,8192,32,128],""stride"":[33554432,4096,128,1]},{""arg"":1,""dtype"":""torch.bfloat16"",""shape"":[1,8192,32,128],""stride"":[33554432,4096,128,1]},{""arg"":2,""dtype"":""torch.bfloat16"",""shape"":[1,8192,32,64],""stride"":[16777216,2048,64,1]},{""arg"":3,""dtype"":""torch.bfloat16"",""shape"":[1,130,32,128,128],""stride"":[68157440,524288,16384,128,1]},{""arg"":4,""dtype"":""torch.bfloat16"",""shape"":[1,8192,32,128],""stride"":[33554432,4096,128,1]},{""arg"":5,""dtype"":""torch.int32"",""shape"":[5],""stride"":[1]},{""arg"":6,""dtype"":""torch.int32"",""shape"":[130,2],""stride"":[2,1]},{""arg"":7,""literal"":true}]",default_config,,triton_b200_multi_matmul,1.0,1.8010013320739886,1.9578231253728062,1.0870747791831035,184.1920018196106,102.27199643850327,94.08000111579895
on::sglang.kda_replayssm.replayssm_decode_body::float32_small_head_b1,sglang.kda_replayssm.replayssm_decode_body,float32_small_head_b1,"[{""arg"":0,""dtype"":""torch.bfloat16"",""shape"":[1,4608],""stride"":[4608,1]},{""arg"":1,""dtype"":""torch.bfloat16"",""shape"":[1,1536],""stride"":[1536,1]},{""arg"":2,""dtype"":""torch.bfloat16"",""shape"":[1,12],""stride"":[12,1]},{""arg"":3,""dtype"":""torch.float32"",""shape"":[12],""stride"":[1]},{""arg"":4,""dtype"":""torch.float32"",""shape"":[1536],""stride"":[1]},{""arg"":5,""literal"":0.08838834764831845},{""arg"":6,""dtype"":""torch.float32"",""shape"":[32,12,128,128],""stride"":[196608,16384,128,1]},{""arg"":7,""dtype"":""torch.float32"",""shape"":[32,12,16,128],""stride"":[24576,2048,128,1]},{""arg"":8,""dtype"":""torch.float32"",""shape"":[32,12,16,128],""stride"":[24576,2048,128,1]},{""arg"":9,""dtype"":""torch.float32"",""shape"":[32,12,16,128],""stride"":[24576,2048,128,1]},{""arg"":10,""dtype"":""torch.bfloat16"",""shape"":[1,1,12,128],""stride"":[1536,1536,128,1]},{""arg"":11,""dtype"":""torch.int32"",""shape"":[1],""stride"":[1]},{""arg"":12,""dtype"":""torch.int32"",""shape"":[1],""stride"":[1]},{""arg"":13,""literal"":null},{""arg"":14,""literal"":0.0},{""arg"":15,""literal"":16},{""arg"":16,""literal"":true},{""arg"":17,""literal"":false}]",default_config,,triton_b200_multi_matmul,1.0,1.335957974373351,1.335957974373351,1.0,16.287999227643013,12.191999703645706,12.191999703645706
on::sglang.kda_replayssm.replayssm_decode_body::bfloat16_small_head_b16,sglang.kda_replayssm.replayssm_decode_body,bfloat16_small_head_b16,"[{""arg"":0,""dtype"":""torch.bfloat16"",""shape"":[16,4608],""stride"":[4608,1]},{""arg"":1,""dtype"":""torch.bfloat16"",""shape"":[16,1536],""stride"":[1536,1]},{""arg"":2,""dtype"":""torch.bfloat16"",""shape"":[16,12],""stride"":[12,1]},{""arg"":3,""dtype"":""torch.float32"",""shape"":[12],""stride"":[1]},{""arg"":4,""dtype"":""torch.float32"",""shape"":[1536],""stride"":[1]},{""arg"":5,""literal"":0.08838834764831845},{""arg"":6,""dtype"":""torch.bfloat16"",""shape"":[32,12,128,128],""stride"":[196608,16384,128,1]},{""arg"":7,""dtype"":""torch.bfloat16"",""shape"":[32,12,16,128],""stride"":[24576,2048,128,1]},{""arg"":8,""dtype"":""torch.bfloat16"",""shape"":[32,12,16,128],""stride"":[24576,2048,128,1]},{""arg"":9,""dtype"":""torch.float32"",""shape"":[32,12,16,128],""stride"":[24576,2048,128,1]},{""arg"":10,""dtype"":""torch.bfloat16"",""shape"":[16,1,12,128],""stride"":[1536,1536,128,1]},{""arg"":11,""dtype"":""torch.int32"",""shape"":[16],""stride"":[1]},{""arg"":12,""dtype"":""torch.int32"",""shape"":[16],""stride"":[1]},{""arg"":13,""literal"":null},{""arg"":14,""literal"":0.0},{""arg"":15,""literal"":16},{""arg"":16,""literal"":true},{""arg"":17,""literal"":false}]",default_config,,triton_b200_multi_matmul,1.0,0.5357542018614354,1.3641536688876656,2.546230461932024,30.688000842928886,57.28000029921532,22.495999932289124
on::sglang.kda_replayssm.replayssm_decode_body::bfloat16_small_head_b128,sglang.kda_replayssm.replayssm_decode_body,bfloat16_small_head_b128,"[{""arg"":0,""dtype"":""torch.bfloat16"",""shape"":[128,4608],""stride"":[4608,1]},{""arg"":1,""dtype"":""torch.bfloat16"",""shape"":[128,1536],""stride"":[1536,1]},{""arg"":2,""dtype"":""torch.bfloat16"",""shape"":[128,12],""stride"":[12,1]},{""arg"":3,""dtype"":""torch.float32"",""shape"":[12],""stride"":[1]},{""arg"":4,""dtype"":""torch.float32"",""shape"":[1536],""stride"":[1]},{""arg"":5,""literal"":0.08838834764831845},{""arg"":6,""dtype"":""torch.bfloat16"",""shape"":[144,12,128,128],""stride"":[196608,16384,128,1]},{""arg"":7,""dtype"":""torch.bfloat16"",""shape"":[144,12,16,128],""stride"":[24576,2048,128,1]},{""arg"":8,""dtype"":""torch.bfloat16"",""shape"":[144,12,16,128],""stride"":[24576,2048,128,1]},{""arg"":9,""dtype"":""torch.float32"",""shape"":[144,12,16,128],""stride"":[24576,2048,128,1]},{""arg"":10,""dtype"":""torch.bfloat16"",""shape"":[128,1,12,128],""stride"":[1536,1536,128,1]},{""arg"":11,""dtype"":""torch.int32"",""shape"":[128],""stride"":[1]},{""arg"":12,""dtype"":""torch.int32"",""shape"":[128],""stride"":[1]},{""arg"":13,""literal"":null},{""arg"":14,""literal"":0.0},{""arg"":15,""literal"":16},{""arg"":16,""literal"":true},{""arg"":17,""literal"":false}]",default_config,,triton_b200_multi_matmul,1.0,1.8414634575713855,1.9702505390132588,1.0699373538542676,120.80000340938568,65.60000032186508,61.3120011985302
on::sglang.kda_replayssm.replayssm_decode_body::bf16_regular_h16_b64,sglang.kda_replayssm.replayssm_decode_body,bf16_regular_h16_b64,"[{""arg"":0,""dtype"":""torch.bfloat16"",""shape"":[64,6144],""stride"":[6144,1]},{""arg"":1,""dtype"":""torch.bfloat16"",""shape"":[64,2048],""stride"":[2048,1]},{""arg"":2,""dtype"":""torch.bfloat16"",""shape"":[64,16],""stride"":[16,1]},{""arg"":3,""dtype"":""torch.float32"",""shape"":[16],""stride"":[1]},{""arg"":4,""dtype"":""torch.float32"",""shape"":[2048],""stride"":[1]},{""arg"":5,""literal"":0.08838834764831845},{""arg"":6,""dtype"":""torch.bfloat16"",""shape"":[80,16,128,128],""stride"":[262144,16384,128,1]},{""arg"":7,""dtype"":""torch.bfloat16"",""shape"":[80,16,16,128],""stride"":[32768,2048,128,1]},{""arg"":8,""dtype"":""torch.bfloat16"",""shape"":[80,16,16,128],""stride"":[32768,2048,128,1]},{""arg"":9,""dtype"":""torch.float32"",""shape"":[80,16,16,128],""stride"":[32768,2048,128,1]},{""arg"":10,""dtype"":""torch.bfloat16"",""shape"":[64,1,16,128],""stride"":[2048,2048,128,1]},{""arg"":11,""dtype"":""torch.int32"",""shape"":[64],""stride"":[1]},{""arg"":12,""dtype"":""torch.int32"",""shape"":[64],""stride"":[1]},{""arg"":13,""literal"":null},{""arg"":14,""literal"":0.0},{""arg"":15,""literal"":16},{""arg"":16,""literal"":true},{""arg"":17,""literal"":false}]",default_config,,triton_b200_multi_matmul,1.0,1.7508153249035379,2.3359442179124574,1.3342036619659803,85.88799834251404,49.056001007556915,36.768000572919846
on::sglang.kda_replayssm.replayssm_decode_body::bf16_regular_h32_b128,sglang.kda_replayssm.replayssm_decode_body,bf16_regular_h32_b128,"[{""arg"":0,""dtype"":""torch.bfloat16"",""shape"":[128,12288],""stride"":[12288,1]},{""arg"":1,""dtype"":""torch.bfloat16"",""shape"":[128,4096],""stride"":[4096,1]},{""arg"":2,""dtype"":""torch.bfloat16"",""shape"":[128,32],""stride"":[32,1]},{""arg"":3,""dtype"":""torch.float32"",""shape"":[32],""stride"":[1]},{""arg"":4,""dtype"":""torch.float32"",""shape"":[4096],""stride"":[1]},{""arg"":5,""literal"":0.08838834764831845},{""arg"":6,""dtype"":""torch.bfloat16"",""shape"":[144,32,128,128],""stride"":[524288,16384,128,1]},{""arg"":7,""dtype"":""torch.bfloat16"",""shape"":[144,32,16,128],""stride"":[65536,2048,128,1]},{""arg"":8,""dtype"":""torch.bfloat16"",""shape"":[144,32,16,128],""stride"":[65536,2048,128,1]},{""arg"":9,""dtype"":""torch.float32"",""shape"":[144,32,16,128],""stride"":[65536,2048,128,1]},{""arg"":10,""dtype"":""torch.bfloat16"",""shape"":[128,1,32,128],""stride"":[4096,4096,128,1]},{""arg"":11,""dtype"":""torch.int32"",""shape"":[128],""stride"":[1]},{""arg"":12,""dtype"":""torch.int32"",""shape"":[128],""stride"":[1]},{""arg"":13,""literal"":null},{""arg"":14,""literal"":0.0},{""arg"":15,""literal"":16},{""arg"":16,""literal"":true},{""arg"":17,""literal"":false}]",default_config,,triton_b200_multi_matmul,1.0,2.0972577658593674,3.0021465258040045,1.4314628247776935,313.27998638153076,149.3760049343109,104.35199737548828
