{
  "num_sm": 132,
  "results": {
    "softmax_two_pass|bf16|2048": {
      "1": 0.002808319926261902,
      "2": 0.0028031998872756958,
      "4": 0.0030777600407600404,
      "8": 0.004072319865226746,
      "16": 0.006826239824295044,
      "32": 0.013392640352249146
    },
    "softmax_two_pass|bf16|8192": {
      "1": 0.006726400256156922,
      "2": 0.0070732802152633665,
      "4": 0.008426240086555481,
      "8": 0.012452479600906372,
      "16": 0.02291327953338623,
      "32": 0.04836607933044434
    },
    "softmax_two_pass|bf16|16384": {
      "1": 0.011815680265426636,
      "2": 0.012647039890289306,
      "4": 0.015678720474243166,
      "8": 0.02437119960784912,
      "16": 0.0460697603225708,
      "32": 0.09810943603515625
    },
    "softmax_two_pass|bf16|32768": {
      "1": 0.025002880096435545,
      "2": 0.02534463882446289,
      "4": 0.026769919395446776,
      "8": 0.0339084792137146,
      "16": 0.05660799980163574,
      "32": 0.10923839569091796
    },
    "softmax_two_pass|bf16|65536": {
      "1": 0.0521395206451416,
      "2": 0.04798783779144287,
      "4": 0.04898496150970459,
      "8": 0.05111040115356445,
      "16": 0.07055359840393066,
      "32": 0.12348159790039062
    },
    "softmax_two_pass|bf16|131072": {
      "1": 0.12426303863525391,
      "2": 0.11815103530883789,
      "4": 0.09393407821655274,
      "8": 0.09589247703552246,
      "16": 0.10230463981628418,
      "32": 0.15249024391174315
    },
    "softmax_two_pass|bf16|262144": {
      "1": 1.201484146118164,
      "2": 0.24994560241699218,
      "4": 0.1965318489074707,
      "8": 0.19149375915527345,
      "16": 0.19246463775634765,
      "32": 0.21602432250976564
    },
    "softmax_two_pass|fp32|2048": {
      "1": 0.003054719865322113,
      "2": 0.003235200047492981,
      "4": 0.003325439989566803,
      "8": 0.0042566400766372685,
      "16": 0.006707839965820313,
      "32": 0.013300479650497436
    },
    "softmax_two_pass|fp32|8192": {
      "1": 0.007812479734420777,
      "2": 0.007720320224761963,
      "4": 0.008792319893836975,
      "8": 0.013058559894561768,
      "16": 0.02348416090011597,
      "32": 0.049512319564819336
    },
    "softmax_two_pass|fp32|16384": {
      "1": 0.02430783987045288,
      "2": 0.024415359497070313,
      "4": 0.024175360202789306,
      "8": 0.029735679626464843,
      "16": 0.05170112133026123,
      "32": 0.10407744407653809
    },
    "softmax_two_pass|fp32|32768": {
      "1": 0.050590081214904783,
      "2": 0.04803135871887207,
      "4": 0.04662720203399658,
      "8": 0.047575039863586424,
      "16": 0.061379199028015134,
      "32": 0.11368895530700683
    },
    "softmax_two_pass|fp32|65536": {
      "1": 0.1146720027923584,
      "2": 0.11742527961730957,
      "4": 0.10110464096069335,
      "8": 0.09221759796142578,
      "16": 0.09591744422912597,
      "32": 0.13709183692932128
    },
    "softmax_two_pass|fp32|131072": {
      "1": 0.24492095947265624,
      "2": 0.2153913688659668,
      "4": 0.2327846336364746,
      "8": 0.18298175811767578,
      "16": 0.1791334342956543,
      "32": 0.20443136215209962
    },
    "softmax_two_pass|fp32|262144": {
      "1": 1.3022463989257813,
      "2": 0.4546086502075195,
      "4": 0.4082988739013672,
      "8": 0.37008766174316404,
      "16": 0.3808633422851562,
      "32": 0.36899456024169924
    },
    "rms_norm_fwd|bf16|2048": {
      "1": 0.0024480000138282776,
      "2": 0.0026195201277732848,
      "4": 0.002645759880542755,
      "8": 0.0031935998797416685,
      "16": 0.004754559993743896,
      "32": 0.14104063987731932
    },
    "rms_norm_fwd|bf16|8192": {
      "1": 0.006191359758377075,
      "2": 0.006611840128898621,
      "4": 0.006350719928741455,
      "8": 0.0075526398420333865,
      "16": 0.013927680253982545,
      "32": 0.5512339019775391
    },
    "rms_norm_fwd|bf16|16384": {
      "1": 0.011431039571762084,
      "2": 0.011728639602661134,
      "4": 0.011687040328979492,
      "8": 0.014988160133361817,
      "16": 0.029123198986053467,
      "32": 1.0946047973632813
    },
    "rms_norm_fwd|bf16|32768": {
      "1": 0.024686720371246338,
      "2": 0.024783360958099365,
      "4": 0.02626431941986084,
      "8": 0.03713344097137451,
      "16": 0.06980415821075439,
      "32": 2.1993478393554686
    },
    "rms_norm_fwd|bf16|65536": {
      "1": 0.04700096130371094,
      "2": 0.04710207939147949,
      "4": 0.05001215934753418,
      "8": 0.07152448177337646,
      "16": 0.13766016006469728,
      "32": 4.38837646484375
    },
    "rms_norm_fwd|bf16|131072": {
      "1": 0.09130880355834961,
      "2": 0.09157119750976563,
      "4": 0.09768256187438965,
      "8": 0.140949764251709,
      "16": 0.2727699279785156,
      "32": 8.769306030273437
    },
    "rms_norm_fwd|bf16|262144": {
      "1": 0.18052799224853516,
      "2": 0.18017343521118165,
      "4": 0.19320192337036132,
      "8": 0.2793907165527344,
      "16": 0.5435488128662109,
      "32": 17.5296142578125
    },
    "rms_norm_fwd|fp32|2048": {
      "1": 0.002860159873962402,
      "2": 0.0031756800413131714,
      "4": 0.0031551998853683472,
      "8": 0.0034214401245117186,
      "16": 0.004709759950637818,
      "32": 0.14094271659851074
    },
    "rms_norm_fwd|fp32|8192": {
      "1": 0.007662079930305481,
      "2": 0.008127999901771545,
      "4": 0.00819648027420044,
      "8": 0.009009919762611389,
      "16": 0.01549504041671753,
      "32": 0.5516716766357422
    },
    "rms_norm_fwd|fp32|16384": {
      "1": 0.024021120071411134,
      "2": 0.0242905592918396,
      "4": 0.024649600982666015,
      "8": 0.026625280380249024,
      "16": 0.04071743965148926,
      "32": 1.1044595336914063
    },
    "rms_norm_fwd|fp32|32768": {
      "1": 0.04658432006835937,
      "2": 0.0468390417098999,
      "4": 0.04707007884979248,
      "8": 0.05066944122314453,
      "16": 0.07923711776733398,
      "32": 2.198955535888672
    },
    "rms_norm_fwd|fp32|65536": {
      "1": 0.09092672348022461,
      "2": 0.09112447738647461,
      "4": 0.0912998390197754,
      "8": 0.09938559532165528,
      "16": 0.15575167655944824,
      "32": 4.388751220703125
    },
    "rms_norm_fwd|fp32|131072": {
      "1": 0.1794118309020996,
      "2": 0.17978303909301757,
      "4": 0.17904640197753907,
      "8": 0.19555583953857422,
      "16": 0.3087795257568359,
      "32": 8.767163696289062
    },
    "rms_norm_fwd|fp32|262144": {
      "1": 0.35630336761474607,
      "2": 0.35634559631347656,
      "4": 0.3551219177246094,
      "8": 0.3892281723022461,
      "16": 0.6184652709960937,
      "32": 17.526527099609375
    },
    "layer_norm_fwd|bf16|2048": {
      "1": 0.002661759853363037,
      "2": 0.0028812798857688906,
      "4": 0.0030937600135803223,
      "8": 0.004138239920139313,
      "16": 0.006711680293083191,
      "32": 0.2843961524963379
    },
    "layer_norm_fwd|bf16|8192": {
      "1": 0.006514559984207153,
      "2": 0.006673920154571533,
      "4": 0.0072204798460006716,
      "8": 0.011335040330886842,
      "16": 0.021439359188079835,
      "32": 1.1145267486572266
    },
    "layer_norm_fwd|bf16|16384": {
      "1": 0.011795200109481811,
      "2": 0.011845120191574098,
      "4": 0.012929919958114624,
      "8": 0.02179840087890625,
      "16": 0.04291071891784668,
      "32": 2.216805725097656
    },
    "layer_norm_fwd|bf16|32768": {
      "1": 0.025664639472961426,
      "2": 0.025077760219573975,
      "4": 0.02832319974899292,
      "8": 0.04706240177154541,
      "16": 0.09165823936462403,
      "32": 4.470425109863282
    },
    "layer_norm_fwd|bf16|65536": {
      "1": 0.04789184093475342,
      "2": 0.04757696151733398,
      "4": 0.05357247829437256,
      "8": 0.09145983695983886,
      "16": 0.18114944458007812,
      "32": 8.926983642578126
    },
    "layer_norm_fwd|bf16|131072": {
      "1": 0.0926579189300537,
      "2": 0.09230015754699707,
      "4": 0.10463232040405274,
      "8": 0.18045440673828125,